Saint,Wikipedia,scrapingWikipedia
Abbon de Fleury,/wiki/Abbon_de_Fleury,"Pour les articles homonymes, voirAbbonetFleury./Cet article ou cette section provient essentiellement deHistoire de Saint Abbon(1872), ou de la recopie de cette source, en partie ou en totalité. Cette source est dans le domaine public, mais elle peut être trop ancienne ou peu objective(décembre 2018)./Améliorez lapertinenceet laneutralitéde l’article à l'aide desourcesplus récentes./AbbéAbbaye de Saint-Benoît-sur-Loire/Naissance/Vers945Orléans/Décès/13 novembre1004La Réole(duché de Vasconie)/Activités/Mathématicien,moine,philosophe,écrivain/Ordre religieux/Ordre de Saint-Benoît/Étape de canonisation/Saint/Fête/13 novembre/modifier-modifier le code-modifier Wikidata/SaintAbbon de Fleury, né entre940et945àOrléanset mort le13 novembre 1004àLa Réole, est unmoinebénédictinréformateur, érudit,écolâtrepuisabbédeFleury. Reconnu comme l'un des grandsthéologiensduHaut Moyen Âge, durant laRenaissance ottonienne, il est également très présent dans les querelles de l'époque entreévêqueset monastères. Il y défend la liberté monastique. Grand voyageur, il visite leSaint-Siègetrois fois et rétablit la discipline monastique en plusieurs abbayes. Considéré commemartyret saint, il estliturgiquementcommémoré le 13 novembre./Abbon naît entre 940 et 945 àOrléans. Il est envoyé par ses parents faire des études à l'abbaye de Fleury(aujourd’huiSaint-Benoît-sur-Loire) où il reçoit l’habit religieux. Le monastère avait à l'époque la réputation d'être« une des plus glorieuses métropoles intellectuelles du Moyen Âge »[1]. D'élève, Abbon devient vite enseignant en dialectique, arithmétique et grammaire (c'est-à-dire langues, belles-lettres et auteurs de l'Antiquité). Ses talents de pédagogue auraient attiré autour de sa chaire plus de cinq mille étudiants[2]. Commeécolâtre, il prit l'initiative d'exiger de chacun de ses étudiants un honoraire annuel de deux manuscrits. Cette pratique est à l'origine de la bibliothèque de Fleury, malheureusement pillée en 1562[3]. Il continue ses études d'arithmétique, de géométrie et d'astronomie à Paris dans l'école fondée par l'egregius doctorRémi, puis la dialectique à Reims[4]. Il revient ensuite à Orléans où il apprend en particulier la musique[5]. Il approfondit seul la rhétorique et la géométrie./Une de ses premières publications concerne l'utilisation de l'abacuspar Victorius et les règles de la multiplication[6]. Il s'intéresse également à la controverse sur la détermination dujour de Pâquespar des calculs mathématiques et astronomiques[7]. Il compose un traité sur le mouvement dusoleilet de la lune et un autre sur le cours des planètes./« Telle était la réputation de Fleury, qu'on y accourait des pays les plus lointains pour y puiser le savoir et la piété »/"
Abdon et Sennen,/wiki/Abdon_et_Sennen,"Pour les articles homonymes, voirAbdon.//Abdon et Sennen/Saints Abdon et SennenparJaume Huguet, retable (détail - 1460)./Saints,martyrs/Naissance/IIIesiècleGordyène,Empire perse/Décès/v.250Rome,Empire romain/Vénéré à/basilique Saint-Marc l'Évangéliste au CapitolàRome/Vénéré par/Église catholique,Église orthodoxe orientale/Fête/30 juillet/Attributs/tenues de noblesse, couronnes, tenues de légionnaires,pileus, épées, palmes du martyr/Saint patron/fermiers,battages,récoltes,croque-morts, protection contre l'orageet lagrêle/modifier/Les saintsAbdon et Sennen, ou encoreAbdo, Abdus, etSennès, Senoux, Sennis, Zennenselon les premiers calendriers etmartyrologes, sont deux frèresmartyrschrétiens reconnus par l'Église catholique romaineet l'Église orthodoxe. Ils sont célébrés le30 juillet[1],[2],[3]./Historiquement, on ne connaît que très peu de choses sur ces saints : leurs noms, qu'ils étaient martyrs, et qu'ils furent enterrés un30 juilletdans le cimetière de Pontien sur laVia Portuensis[1]./LeursActes, écrits pour la plupart au début duIXesiècle, les décrivent comme desPersesmartyrs sousDèce, aux alentours de l'an 250, et contiennent plusieurs explications fictives à propos de la raison et de l'occasion de leur venue àRomeainsi que de la nature de leurs tourments. Ils relatent que leurs corps furent ensevelis par un sous-diacre, Quirin, puis plus tard transférés sous le règne de Constantin au cimetière de Pontien sur la route vers Porto, près des portes de Rome. Une peinture trouvée sur lesarcophagesupposé contenir leurs restes les représente recevant du Christ des couronnes. SelonJoseph Alexandre Martigny(de), cette peinture date duVIIesiècle. Plusieurs villes, notammentFlorenceetSoissons, revendiquent la possession de leurs corps, mais lesbollandistesaffirment que ceux-ci reposent à Rome depuis1474à labasilique Saint-Marc l'Évangéliste au Capitol[4]. L'abbaye Sainte-Marie d'Arles-sur-Techpossède un mystérieux sarcophage, appeléSainte Tombe, qui aurait reçu les reliques d'Abdon et Sennen ramenées depuis Rome par l'abbé Arnulphe./SelonLa Légende dorée[5]:/« Abdon et Sennen souffrirent le martyre sous l'empereur Dèce, car cet empereur, puissant à Babylone et dans d'autres provinces, y trouva des chrétiens qu'il ramena avec lui à Cordoue, où il les fit périr dans divers supplices. Et deux princes du pays, Abdon et Sennen, recueillirent les corps de ces martyrs et les ensevelirent avec honneur. Décius les envoya à Rome chargés de chaînes, et ils furent amenés devant le sénat et devant l'empereur, et on leur dit que s'ils voulaient sacrifier, on leur rendrait leurs États, sinon, qu'ils seraient livrés aux bêtes. Ils restèrent fermes, et ils crachèrent au visage des idoles ; et on les conduisit au cirque, où l'on lâcha deux lions et quatre ours. Et ces animaux ne leur firent aucun mal ; au contraire, ils se mirent à les protéger. Alors on perça les martyrs à coups d'épée, et, après leur avoir lié les pieds, on les traîna et on les jeta près du temple du Soleil. Et, après qu'ils y eurent demeuré trois jours, le sous-diacre Quirin les recueillit et les ensevelit dans sa maison. Ils souffrirent vers l'an du Seigneur deux cent cinquante-trois. Au temps de Constantin, il fut révélé où étaient leurs corps, et ils furent transportés dans la ville de Pontien, où le Seigneur confère, par leur ministère, de grandes grâces au peuple. »/Traditionnellement en France, saint Abdon, n’existant que dans l’imaginaire populaire, était invoqué contre les orages (en résonance avec l’homophonie « saint Abdon », « Saint Tape Donc »[6])./"
Abercius d'Hiérapolis,/wiki/Abercius_d%27Hi%C3%A9rapolis,"Cet articlene cite pas suffisamment ses sources(décembre 2018)./Si vous disposez d'ouvrages ou d'articles de référence ou si vous connaissez des sites web de qualité traitant du thème abordé ici, merci de compléter l'article en donnant lesréférences utiles à savérifiabilitéet en les liant à la section «Notes et références»./En pratique :Quelles sources sont attendues ?Comment ajouter mes sources ?/Évêque/Décès/167/Activité/Prêtre/Période d'activité/IIesiècle/Étape de canonisation/Saint/Fête/22 octobre,4 novembre/modifier-modifier le code-modifier Wikidata/Abercius(engrecἈβἑρκιος /Aberkios, var. Ἀουἰρκιος) est un saintgrecdont la tradition fait un évêque d'Hiérapolis(Phrygie) vers la fin duIIesiècle. Son nom est associé à une célèbre inscription aujourd'hui conservée aumusée du Latran. Abercius est un saint populaire dans toute l'Église orthodoxe. Sur la foi dessynaxairesmédiévaux, il y est honoré le22 octobre(et peut-être localement le22 novembre) comme premier évêque d'Hiérapolis, thaumaturge et surtout grand évangélisateur, ce qui lui vaut le titre traditionnel d' « Égal aux Apôtres »./Jusque vers la fin duXIXesiècle, Abercius n'était connu que par uneVitagrecque datable duIVeou duVesiècleet transmise auXesiècleparSyméon Métaphraste, le plus important des compilateurs hagiographes byzantins. Ce texte est sans valeur historique. Abercius, évêque d'Hiérapolis, y apparaît comme un grand pourfendeur d'idoles qui convertit en masse ses concitoyens encore païens. Au cours d'un voyage à Rome riche en miracles, il guérit la fille de l'empereur qui était possédée d'un démon. Puis le Christ lui-même (qui lui apparaît souvent) lui ordonne d'aller évangéliser les Syriens. Abercius exécute sa mission, se signale par son intense activité thaumaturgique, puis, déjà âgé, s'en retourne dans sa patrie. Avant sa mort, il fait graver son épitaphe sur un autel que le diable, vaincu par le saint, avait été obligé de transporter de Rome à Hiéropolis. L'auteur de laVitatranscrit cette inscription qui consiste en 22 vers passablement obscurs, avec des altérations manifestes et qui paraît contenir un symbolisme eucharistique assez embarrassé. Telles quelles, laVitaet l'épitaphe ont toujours rebuté les savants et il s'en est trouvé pour douter de l'existence même de ce saint, inconnu par ailleurs./Mais en1882, l'archéologue écossaisWilliam Ramsaydécouvre à Kelendres (près de l'ancienneSynnada en Phrygie) le début et la fin d'uneinscription funéraireconcernant un certain Alexandre, fils d'Antonios. Elle est précisément datée de l'an 300 de l'ère phrygienne, soit l'an216 ap. J.-C.On y reconnaît rapidement les vers de l'épitaphe d'Abercios. De plus, on remarque que la substitution du nom d'Alexandros à celui d'Aberkios rend l'hexamètre boiteux, ce qui indiquerait qu'on est en présence d'une réutilisation de la composition. Le grand archéologue catholiqueJean-Baptiste De Rossi- l'un des rares à avoir pressenti l'importance du texte dans la Vita - incite Ramsay à retourner sur le site d'Hiéropolis et l'année suivante celui-ci a la bonne fortune de retrouver deux autres fragments de l'inscription, réemployés dans les murs d'un édifice public./Ces divers fragments, joints au texte de Syméon, permettent de tenter la reconstitution du texte primitif - qui a donné lieu à de vifs débats. Cependant la version deLightfoot, bien que partiellement vieillie, reste à la base des travaux modernes./"
Abonde (saint),/wiki/Abonde_(saint),"Pour les articles homonymes, voirAbonde./Cet article est uneébaucheconcernant unsaint, leHaut Moyen Âgeet lacivilisation arabo-musulmane./Vous pouvez partager vos connaissances en l’améliorant (comment ?) selon les recommandations desprojets correspondants./Ne doit pas être confondu avecAbundius de Côme.//Abonde de Cordoue//saint martyr/Décès/854/Autres noms/Abundius/Nationalité/Mozarabique/Vénéré à/Espagne/Vénéré par/Catholiques espagnols/Fête/11 juillet/modifier/Abondeou encore Abundius en latin est un prêtre catholiquemozarabequi vivait àAnanelosalorsroyaume AndalouauVIIIesiècle. Il est l'un des 95martyrs de Cordouemartyrisé en 854 sous le règne deMuhammad Ier (Omeyyade)dans un contexte de grandes tensions entre pouvoir musulman et autorités religieuses chrétiennes[1]. Accusé d'entretenir la résistance et de préparer la rébellion il est, comme d'autres clercs, moines et laïcs, arrêté et jugé. Lors de son procès l'histoire veut qu'il a tenu ferme devant ses juges et qu'il en a profité pour proclamer la supériorité du christianisme sur l'islam entraînant la colère du tribunal qui le condamme à mort[2]. Il est honoré le 11 juillet[3].//"
Abundius de Côme,/wiki/Abundius_de_C%C3%B4me,"/Abundius de Côme/Abundius (complètement à droite) sur une fresque de l'église Saint-Pierre deGemonio./Saint,évêque/Naissance/?Thessalonique/Décès/469Côme,Lombardie,Italie/Autres noms/Abondius, Abundias ou Abbondio/Vénéré par/l'Église catholique romaine/Fête/2 avril- (31 aoûtà Côme)/Attributs/Bâton pastoral d'évêqueÉvêque avec un cerfRessuscitant un enfant mort[1]/modifier/Saint Abundius(égalementAbondius,AbundiasouAbbondio) (Thessalonique, début duVesiècle–Côme, 469[2]) était unévêque de Côme, en Italie du Nord./Abundius est né àThessaloniqueau début duVesiècle. En 448 il devient le quatrième évêque de Côme, succédant àAmantius./Il était présent auDeuxième concile d'Éphèseen 450 et prit une part active contre l'hérésie eutychéenne enChalcédoine(451), où il était le représentant du pape Léon le Grand. En 452, il participe également ausynodede Milan, convoqué pour réfuter l'hérésie./Abundius est l'un de ceux à qui on attribue parfois la paternité duTe Deum./La basiliqueromanedeSant'Abbondio, à Côme, consacrée en 1095 par le PapeUrbain II, lui est dédiée, et ses reliques sont conservées sous le maître-autel.//"
Abraham d'Auvergne,/wiki/Abraham_d%27Auvergne,"Cet articlene cite pas suffisamment ses sources(janvier 2020)./Si vous disposez d'ouvrages ou d'articles de référence ou si vous connaissez des sites web de qualité traitant du thème abordé ici, merci de compléter l'article en donnant lesréférences utiles à savérifiabilitéet en les liant à la section «Notes et références»./En pratique :Quelles sources sont attendues ?Comment ajouter mes sources ?/Abbé/Naissance/Syrie première/Décès/Entre474et481Clermont-Ferrand/Activité/Prêtre catholique/Étape de canonisation/Saint/Fête/15 juin/modifier-modifier le code-modifier Wikidata/Abraham de Clermont, mort entre 474 et 481[1],[2], est un abbé et saint chrétien ; sa fête est fixée au15 juin[1]./Originaire des rives de l’Euphrate, il visite l’Égypte où il reste prisonnier cinq ans. Puis il vient en Gaule, vit comme moine ermite près de Clermont puis devient abbé du monastère de Saint-Cirgues, qu'il fonde àClermont[2],[3]./Il est invoqué contre la fièvre[1],[2]./Sidoine Apollinairelui consacre une épitaphe en distiques élégiaques dans une de ses lettres[4]./"
Abraham de Cratia,/wiki/Abraham_de_Cratia,"Abbé/Naissance/Vers474Homs/Décès/Vers558Jérusalem/Activité/Prêtre catholique/Étape de canonisation/Saint/Fête/6 décembre/modifier-modifier le code-modifier Wikidata/Abraham deCratia[1]est un saint duVIesiècle[1]. Fête le6 décembre. Prêtre et ascète./Appelé aussi Abraham de Lampsaque, Abraham de Crète, Abraham le Solitaire, ou Abramios, était un ascète qui a vécu près deLampsaqueune ancienne cité grecque d'Asie mineure, située sur la rive sud de l'Hellespont, en Troade. Certains historiens supposent qu'il était originaire de Haute Syrie./Sa solitude était relative puisqu'il a vécu dans la pénitence en partie accompagné de sa femme. Le mariage semble n'avoir été consommé que pour plaire à leur famille. Au septième jour de ses noces, il quitta sa femme pour s'enfermer dans une cabane, dont il mura la porte, n'y laissant qu'une petite fenêtre pour recevoir ce qu'on lui apportait à manger certains jours. Il devait avoir vingt ans quand il s'enferma dans l'abstinence et l'isolement./Douze ans après le début de sa vie d'ascète, ses parents décédèrent et lui laissèrent quantité d'argent et d'héritages. Abraham pria un de ses amis de les distribuer aux pauvres et aux orphelins./Sa cellule était éloignée d'une lieu de la ville./L'évêque d'Edessele força à quitter sa cellule pour évangéliser certains bourgs voisins. Il l'ordonna prêtre pour accomplir ce ministère. Abraham se mit à l'ouvrage et en trois ans, accomplit l'évangélisation voulue par l'évêque. Il baptisa plus de mille personnes, demeura encore une année avant de se cacher et de s'enfuir dans sa première retraite. Il avait trente-huit ans lorsque sa nièce orpheline, Marie, lui fut confiée. La fille de son frère n'avait que sept ans, Abraham fit distribuer tous ses biens et son héritage aux pauvres, et la fit mettre dans une cellule proche de la sienne. Il l'instruisit ainsi.Saint Ephrem d'Edessevenait souvent rendre visite à Abraham et ils enseignèrent tous les deux à cette nièce. Lorsque celle-ci eut 27 ans, elle perdit sa vertu avec un jeune moine qui vivait non loin de là, et elle tenta de se tuer. Pour ne rien avouer de sa faute, Marie s'enfuit dans une ville voisine et s'enferma dans une hostellerie. Le Saint homme n'apprit que deux ans plus tard ce qu'il s'était passé, et il quitta sa solitude pour partir chercher sa nièce déguisé en soldat. Celle-ci pardonnée, accepta de retourner dans son ermitage et s'imposa une pénitence sévère. Dix ans plus tard, Abraham décéda, Marie lui survécut cinq ans./Son biographe et ami,Éphrem le Syrienle cite comme ayant écrit le ""Guide de Sainte Marie Lajeune"". Il a écrit un ouvrage sur la vie de ces deux saints qui n'est pas parvenu jusqu'à nous./"
Acace d'Amida,/wiki/Acace_d%27Amida,"Pour les articles homonymes, voirAcace./Évêque/400-425/Décès/425Amida(en)/Activités/Prêtre,confesseur de la foi/Période d'activité/Vesiècle/Étape de canonisation/Saint/Fête/9 avril/modifier-modifier le code-modifier Wikidata/Acace d'Amida(en latin :Acacius) est unévêqueetconfesseurduVesiècle./Acace était évêque d'AmidaenMésopotamie[1]./En419, l'empereurThéodose IIl'envoie en ambassade auprès du roi desPerses./Le premier fruit de cette ambassade est la réunion d'un concile des Églises perses./En421, quand la guerre éclate entre les deux Empires, 7 000 Perses sont faits prisonniers par lesByzantins. L'évêque fait fondre et vend les vases sacrés de son église pour payer leur rançon, les libère et les renvoie au roi de Perse,Bahram V, qui demande à le rencontrer. Beaucoup des soldats perses deviennentchrétienset l'empereur cesse lespersécutions./Acace est ensuite envoyé en Perse pour poser les bases d'une paix, conclue en 422, entre les deux Empires./"
Acace de Byzance,/wiki/Acace_de_Byzance,"Pour les articles homonymes, voirAcace./Naissance/Cappadoce(Empire romain)/Décès/8 mai303Byzance(Thrace)/Époque/Empire romain/Activité/Officier/Étape de canonisation/Saint/Grade militaire/Centurion/Fête/8 mai/modifier-modifier le code-modifier Wikidata/Acace,Acathe(enlatin:Acathius,AgathiusouAchatius),AgathonasouAkakios(grec: Ακακιος), né enCappadocedans le courant duIIIesiècleet mortmartyren303àByzance, était uncenturionde l'armée romainesousMaximien[1]./Il est fêté le8 maipar l'Église catholiqueet le7 maipar lesÉglises orthodoxes[2]./Centurion romain basé enThrace, il accepta de se fairebaptiserau nom duChrist, et le tribun Firmus le dénonça commechrétien. En 303, il dut, selon une nouvelle loi établie durant laPersécution de Dioclétien, offrir de l'encensdevant la statue de l'empereur Maximien pour témoigner de sa loyauté envers l'Empire. Il refusa calmement mais catégoriquement d'adorer uneidole. On le soumit à la torture àPérinthepar ordre du juge Bibien./Il fut ensuite conduit àByzancedevant le proconsul Flaccus. Durant le voyage, sesbourreauxlui brisèrent lamâchoire, et il fut quotidiennementflagellé. Il réaffirma chaque jour sa foi enJésus-Christ. Il est finalementcrucifiécomme le Christ, puis son corpsdécapitédans le quartier du Stauron à Byzance, où, dans les années suivantes, après lapaix constantiennedéfinitive d'avril 313, une église fut construite en son honneur./Son corps, qui avait été jeté à la mer, a été retrouvé dans le golfe deSquillacepar desfidèlesqui lui avait entretemps fait unesépulturediscrète à l'insu du pouvoir. Après la pacification d'avril 313, sa dépouille fut triomphalement honorée etConstantinoplegarda sesreliquesen son église. Quand celle-ci menaça de tomber en ruine, auVIesiècle, elle fut totalement rebâtie par l'empereurJustinien[3]./Il est lepatronde la ville deSquillaceet le co-patron de l'archidiocèse de Catanzaro-Squillace. Son corps est conservé dans une chapelle de lacathédrale de Squillace, tandis qu'un bras a été apporté par l'évêque de Squillace, Marcello Sirleto, en 1584 àGuardavalle, sa ville natale, dont il a également été élu patron. D'autres reliques se trouvent également àCuencaet àAvilaenEspagne, en provenance de Squillace. Il est parfois confondu avec saintAcace du mont Araratvénéré parmi lessaints auxiliateursdans diverses régions du centre-nord de l'Europe./"
Acace le Jeune,/wiki/Acace_le_Jeune,"Pour les articles homonymes, voirAcace./Cet article est uneébaucheconcernant unsaint./Vous pouvez partager vos connaissances en l’améliorant (comment ?) selon les recommandations desprojets correspondants./Naissance/Entre308et311Milet/Décès/318ou321Milet/Étape de canonisation/Saint/Fête/28 juillet/modifier-modifier le code-modifier Wikidata/Acace le Jeuneest un saint chrétien né entre 308 et 311 àMilet, enCarie, et mort en 318 ou 321./Il est fêté le28 juillet[1]./Jeune chrétien durant la persécution de l'empereur d'Orient,Licinius, il fut arrêté. Après diverses tortures pendant la question, il a été jeté vivant dans une fournaise. Ayant survécu indemne aux flammes selon son hagiographie, il fut décapité à Milet, dans l'Ionie[2]./"
Achard de Saint-Victor,/wiki/Achard_de_Saint-Victor,
Acheul,/wiki/Acheul,
Achille d'Alexandrie,/wiki/Achille_d%27Alexandrie,
Achille de Larissa,/wiki/Achille_de_Larissa,
Nérée et Achillée,/wiki/N%C3%A9r%C3%A9e_et_Achill%C3%A9e,
Aciscle de Cordoue,/wiki/Aciscle_de_Cordoue,
Sainte Ada,/wiki/Sainte_Ada,
Adalbéron de Wurtzbourg,/wiki/Adalb%C3%A9ron_de_Wurtzbourg,
Adalbert d'Egmond,/wiki/Adalbert_d%27Egmond,
Adalbert de Prague,/wiki/Adalbert_de_Prague,
Adauque de Phrygie,/wiki/Adauque_de_Phrygie,
Adélaïde de Bourgogne,/wiki/Ad%C3%A9la%C3%AFde_de_Bourgogne,
Alice de Schaerbeek,/wiki/Alice_de_Schaerbeek,
Adélaïde de Villich,/wiki/Ad%C3%A9la%C3%AFde_de_Villich,
Adalard de Corbie,/wiki/Adalard_de_Corbie,
Adèle de Pfalzel,/wiki/Ad%C3%A8le_de_Pfalzel,
Adelphe de Remiremont,/wiki/Adelphe_de_Remiremont,
Adelphe de Metz,/wiki/Adelphe_de_Metz,
Adérald,/wiki/Ad%C3%A9rald,
Adjutor de Vernon,/wiki/Adjutor_de_Vernon,
Adolphe d'Osnabrück,/wiki/Adolphe_d%27Osnabr%C3%BCck,
Adolphe de Cordoue,/wiki/Adolphe_de_Cordoue,
Adon de Vienne,/wiki/Adon_de_Vienne,
Adrien de Césarée,/wiki/Adrien_de_C%C3%A9sar%C3%A9e,
Adrien de Cantorbéry,/wiki/Adrien_de_Cantorb%C3%A9ry,
Adrien III,/wiki/Adrien_III,
Adrien d'Écosse,/wiki/Adrien_d%27%C3%89cosse,
Adrien de Nicomédie,/wiki/Adrien_de_Nicom%C3%A9die,
Ælred de Rievaulx,/wiki/%C3%86lred_de_Rievaulx,
Afre d'Augsbourg,/wiki/Afre_d%27Augsbourg,
Agapet Ier,/wiki/Agapet_Ier,
Agathe de Catane,/wiki/Agathe_de_Catane,
Agathe Lin Zhao,/wiki/Agathe_Lin_Zhao,
Agathe Yi,/wiki/Agathe_Yi,
Agathon (pape),/wiki/Agathon_(pape),
Agnel de Naples,/wiki/Agnel_de_Naples,
Agnès d'Assise,/wiki/Agn%C3%A8s_d%27Assise,
Agnès de Bohême,/wiki/Agn%C3%A8s_de_Boh%C3%AAme,
Agnès de Montepulciano,/wiki/Agn%C3%A8s_de_Montepulciano,
Agnès de Poitiers (sainte),/wiki/Agn%C3%A8s_de_Poitiers_(sainte),
Agnès de Rome,/wiki/Agn%C3%A8s_de_Rome,
Agnès Lê Thi Than,/wiki/Agn%C3%A8s_L%C3%AA_Thi_Than,
Agnès Tsao Kouying,/wiki/Agn%C3%A8s_Tsao_Kouying,
Agoard et Agilbert de Créteil,/wiki/Agoard_et_Agilbert_de_Cr%C3%A9teil,
Augustine Pietrantoni,/wiki/Augustine_Pietrantoni,
Augustin Roscelli,/wiki/Augustin_Roscelli,
Agrève,/wiki/Agr%C3%A8ve,
Agricol d'Avignon,/wiki/Agricol_d%27Avignon,
Agricole de Chalon,/wiki/Agricole_de_Chalon,
Agrippin de Naples,/wiki/Agrippin_de_Naples,
Aidan de Lindisfarne,/wiki/Aidan_de_Lindisfarne,
Aignan d'Orléans,/wiki/Aignan_d%27Orl%C3%A9ans,
Aigulphe de Lérins,/wiki/Aigulphe_de_L%C3%A9rins,
Agile de Rebais,/wiki/Agile_de_Rebais,
Amé de Remiremont,/wiki/Am%C3%A9_de_Remiremont,
Aimé de Sion,/wiki/Aim%C3%A9_de_Sion,
Aimé Ronconi,/wiki/Aim%C3%A9_Ronconi,
Aimée d'Assise,/wiki/Aim%C3%A9e_d%27Assise,
Airy de Verdun,/wiki/Airy_de_Verdun,
Alban-Barthélémy Roe,/wiki/Alban-Barth%C3%A9l%C3%A9my_Roe,
Albéric de Cîteaux,/wiki/Alb%C3%A9ric_de_C%C3%AEteaux,
Albert Chmielowski,/wiki/Albert_Chmielowski,
Albert de Jérusalem,/wiki/Albert_de_J%C3%A9rusalem,
Albert de Louvain,/wiki/Albert_de_Louvain,
Albert de Trapani,/wiki/Albert_de_Trapani,
Albert le Grand,/wiki/Albert_le_Grand,
Albert Hurtado,/wiki/Albert_Hurtado,
Albin de Lyon,/wiki/Albin_de_Lyon,
Aldegonde de Maubeuge,/wiki/Aldegonde_de_Maubeuge,
Aldegrin de Baume,/wiki/Aldegrin_de_Baume,
Aldetrude de Maubeuge,/wiki/Aldetrude_de_Maubeuge,
Aldhelm,/wiki/Aldhelm,
Aldric du Mans,/wiki/Aldric_du_Mans,
Aleaume de Burgos,/wiki/Aleaume_de_Burgos,
Épipode et Alexandre de Lyon,/wiki/%C3%89pipode_et_Alexandre_de_Lyon,
Alexandre d'Alexandrie,/wiki/Alexandre_d%27Alexandrie,
Alexandre de Comana,/wiki/Alexandre_de_Comana,
Alexandre de Constantinople,/wiki/Alexandre_de_Constantinople,
Alexandre de Bergame,/wiki/Alexandre_de_Bergame,
Alexandre de Jérusalem,/wiki/Alexandre_de_J%C3%A9rusalem,
Alexandre Sauli,/wiki/Alexandre_Sauli,
Alexis de Rome,/wiki/Alexis_de_Rome,
Alexis Falconieri,/wiki/Alexis_Falconieri,
Alfonso Navarrete,/wiki/Alfonso_Navarrete,
Altfrid,/wiki/Altfrid,
Alype le Stylite,/wiki/Alype_le_Stylite,
Alix Le Clerc,/wiki/Alix_Le_Clerc,
Allucio di Campugliano in Valdinievole,/wiki/Allucio_di_Campugliano_in_Valdinievole,
Alyre de Clermont,/wiki/Alyre_de_Clermont,
Alonso de Orozco,/wiki/Alonso_de_Orozco,
Alpais de Cudot,/wiki/Alpais_de_Cudot,
Alphège de Cantorbéry,/wiki/Alph%C3%A8ge_de_Cantorb%C3%A9ry,
Alphonse Rodríguez,/wiki/Alphonse_Rodr%C3%ADguez,
Alphonse de Liguori,/wiki/Alphonse_de_Liguori,
Alphonse-Marie Fusco,/wiki/Alphonse-Marie_Fusco,
Alphonsine de l’Immaculée,/wiki/Alphonsine_de_l%E2%80%99Immacul%C3%A9e,
Alpin de Châlons,/wiki/Alpin_de_Ch%C3%A2lons,
Altmann de Passau,/wiki/Altmann_de_Passau,
Alton de Bavière,/wiki/Alton_de_Bavi%C3%A8re,
Alypius de Thagaste,/wiki/Alypius_de_Thagaste,
Amable de Riom,/wiki/Amable_de_Riom,
Amadour du Quercy,/wiki/Amadour_du_Quercy,
Amalberge de Tamise,/wiki/Amalberge_de_Tamise,
Amand de Maastricht,/wiki/Amand_de_Maastricht,
Amand de Bordeaux,/wiki/Amand_de_Bordeaux,
Amand de Strasbourg,/wiki/Amand_de_Strasbourg,
Marie-Amandine de Schakkebroek,/wiki/Marie-Amandine_de_Schakkebroek,
Amans de Rodez,/wiki/Amans_de_Rodez,
Amanse de Reims,/wiki/Amanse_de_Reims,
Amant de Boixe,/wiki/Amant_de_Boixe,
Amasius de Teano,/wiki/Amasius_de_Teano,
Amateur d'Auxerre,/wiki/Amateur_d%27Auxerre,
Ambroise (abbé d'Agaune),/wiki/Ambroise_(abb%C3%A9_d%27Agaune),
Ambroise de Milan,/wiki/Ambroise_de_Milan,
Ambroise Barlow,/wiki/Ambroise_Barlow,
Ambrósio Francisco Ferro,/wiki/Ambr%C3%B3sio_Francisco_Ferro,
Amédée de Lausanne,/wiki/Am%C3%A9d%C3%A9e_de_Lausanne,
Amphiloque d'Iconium,/wiki/Amphiloque_d%27Iconium,
Anaclet,/wiki/Anaclet,
Ananie de Damas,/wiki/Ananie_de_Damas,
Anastase le Perse,/wiki/Anastase_le_Perse,
Anastase le Vénitien,/wiki/Anastase_le_V%C3%A9nitien,
Anastase Ier (pape),/wiki/Anastase_Ier_(pape),
Anastasie d'Illyrie,/wiki/Anastasie_d%27Illyrie,
Anatole de Milan,/wiki/Anatole_de_Milan,
Anatole de Laodicée,/wiki/Anatole_de_Laodic%C3%A9e,
Anatole de Constantinople,/wiki/Anatole_de_Constantinople,
Andéol du Vivarais,/wiki/And%C3%A9ol_du_Vivarais,
Andoche de Saulieu,/wiki/Andoche_de_Saulieu,
André (apôtre),/wiki/Andr%C3%A9_(ap%C3%B4tre),
André Avellin,/wiki/Andr%C3%A9_Avellin,
Frère André (religieux),/wiki/Fr%C3%A8re_Andr%C3%A9_(religieux),
André Bobola,/wiki/Andr%C3%A9_Bobola,
André Corsini,/wiki/Andr%C3%A9_Corsini,
André de Crète (hymnographe),/wiki/Andr%C3%A9_de_Cr%C3%A8te_(hymnographe),
André de Soveral,/wiki/Andr%C3%A9_de_Soveral,
André Svorad,/wiki/Andr%C3%A9_Svorad,
André Kim Taegon,/wiki/Andr%C3%A9_Kim_Taegon,
André Kaggwa,/wiki/Andr%C3%A9_Kaggwa,
André-Hubert Fournet,/wiki/Andr%C3%A9-Hubert_Fournet,
Ange de Jérusalem,/wiki/Ange_de_J%C3%A9rusalem,
Ange d'Acri,/wiki/Ange_d%27Acri,
Angèle de Foligno,/wiki/Ang%C3%A8le_de_Foligno,
Angela de la Cruz,/wiki/Angela_de_la_Cruz,
Angèle Mérici,/wiki/Ang%C3%A8le_M%C3%A9rici,
Angilbert,/wiki/Angilbert,
Anicet (pape),/wiki/Anicet_(pape),
Anianus d'Alexandrie,/wiki/Anianus_d%27Alexandrie,
Anne la prophétesse,/wiki/Anne_la_proph%C3%A9tesse,
Anne (mère de Marie),/wiki/Anne_(m%C3%A8re_de_Marie),
Anne Line,/wiki/Anne_Line,
Anna Schäffer,/wiki/Anna_Sch%C3%A4ffer,
Hannibal Marie Di Francia,/wiki/Hannibal_Marie_Di_Francia,
Ansbert de Rouen,/wiki/Ansbert_de_Rouen,
Anschaire de Brême,/wiki/Anschaire_de_Br%C3%AAme,
Achaire de Noyon,/wiki/Achaire_de_Noyon,
Anségise de Fontenelle,/wiki/Ans%C3%A9gise_de_Fontenelle,
Anselme de Nonantola,/wiki/Anselme_de_Nonantola,
Anselme de Cantorbéry,/wiki/Anselme_de_Cantorb%C3%A9ry,
Anselme de Lucques,/wiki/Anselme_de_Lucques,
Ansevin de Camerino,/wiki/Ansevin_de_Camerino,
Antère,/wiki/Ant%C3%A8re,
Anthelme de Chignin,/wiki/Anthelme_de_Chignin,
Saint Antide,/wiki/Saint_Antide,
Antiochus de Lyon,/wiki/Antiochus_de_Lyon,
Antipas de Pergame,/wiki/Antipas_de_Pergame,
Antoine II Cauléas,/wiki/Antoine_II_Caul%C3%A9as,
Antoine Daniel (jésuite),/wiki/Antoine_Daniel_(j%C3%A9suite),
Antoine Daveluy,/wiki/Antoine_Daveluy,
Antoine des Grottes de Kiev,/wiki/Antoine_des_Grottes_de_Kiev,
Antoine de Padoue,/wiki/Antoine_de_Padoue,
Antoine de Sainte-Anne Galvão,/wiki/Antoine_de_Sainte-Anne_Galv%C3%A3o,
Antoine de Siya,/wiki/Antoine_de_Siya,
Antoine Deynan,/wiki/Antoine_Deynan,
Antoine Gonzales (martyr),/wiki/Antoine_Gonzales_(martyr),
Antoine le Grand,/wiki/Antoine_le_Grand,
Antoine-Marie Claret,/wiki/Antoine-Marie_Claret,
Antoine-Marie Gianelli,/wiki/Antoine-Marie_Gianelli,
Antoine-Marie Pucci,/wiki/Antoine-Marie_Pucci,
Antoine-Marie Zaccaria,/wiki/Antoine-Marie_Zaccaria,
Antonin de Sorrente,/wiki/Antonin_de_Sorrente,
Antonin d'Apamée,/wiki/Antonin_d%27Apam%C3%A9e,
Antonin de Milan,/wiki/Antonin_de_Milan,
Antonin de Florence,/wiki/Antonin_de_Florence,
Antonin Fantosati,/wiki/Antonin_Fantosati,
Antonin de Pamiers,/wiki/Antonin_de_Pamiers,
Martyrs d'Otrante,/wiki/Martyrs_d%27Otrante,
Anyse de Thessalonique,/wiki/Anyse_de_Thessalonique,
Anysie de Thessalonique,/wiki/Anysie_de_Thessalonique,
Aphraate le Sage persan,/wiki/Aphraate_le_Sage_persan,
Aphrodise de Béziers,/wiki/Aphrodise_de_B%C3%A9ziers,
Claude Apollinaire,/wiki/Claude_Apollinaire,
Apollinaire de Valence,/wiki/Apollinaire_de_Valence,
Apollinaire de Ravenne,/wiki/Apollinaire_de_Ravenne,
Apolline d'Alexandrie,/wiki/Apolline_d%27Alexandrie,
Aproncule,/wiki/Aproncule,
Aquila (mari de Priscille),/wiki/Aquila_(mari_de_Priscille),
Aquilin d'Évreux,/wiki/Aquilin_d%27%C3%89vreux,
Arbogast de Strasbourg,/wiki/Arbogast_de_Strasbourg,
Arcade de Césarée,/wiki/Arcade_de_C%C3%A9sar%C3%A9e,
Arcade (martyr),/wiki/Arcade_(martyr),
Arcangèle Tadini,/wiki/Arcang%C3%A8le_Tadini,
Archippe (Bible),/wiki/Archippe_(Bible),
Ardon d'Aniane,/wiki/Ardon_d%27Aniane,
Aré de Nevers,/wiki/Ar%C3%A9_de_Nevers,
Arède d'Atane,/wiki/Ar%C3%A8de_d%27Atane,
Aréthas (martyr),/wiki/Ar%C3%A9thas_(martyr),
Arey,/wiki/Arey,
Ariald de Carimate,/wiki/Ariald_de_Carimate,
Aristarque de Thessalonique,/wiki/Aristarque_de_Thessalonique,
Aristide d'Athènes,/wiki/Aristide_d%27Ath%C3%A8nes,
Armand de Bressanone,/wiki/Armand_de_Bressanone,
Saint Armel des Boschaux,/wiki/Saint_Armel_des_Boschaux,
Arnold Janssen,/wiki/Arnold_Janssen,
Arnoux de Gap,/wiki/Arnoux_de_Gap,
Arnoul de Metz,/wiki/Arnoul_de_Metz,
Arnoult de Soissons,/wiki/Arnoult_de_Soissons,
Arsène de Scété,/wiki/Ars%C3%A8ne_de_Sc%C3%A9t%C3%A9,
Arsène de Corfou,/wiki/Ars%C3%A8ne_de_Corfou,
"Artème, Candide et Pauline","/wiki/Art%C3%A8me,_Candide_et_Pauline",
Artemide Zatti,/wiki/Artemide_Zatti,
Arthaud de Belley,/wiki/Arthaud_de_Belley,
Asaph de Llan-Elwy,/wiki/Asaph_de_Llan-Elwy,
Aspren de Naples,/wiki/Aspren_de_Naples,
Athanase Ier (évêque de Naples),/wiki/Athanase_Ier_(%C3%A9v%C3%AAque_de_Naples),
Athanase d'Alexandrie,/wiki/Athanase_d%27Alexandrie,
Athanase l'Athonite,/wiki/Athanase_l%27Athonite,
Athanasie d'Égine,/wiki/Athanasie_d%27%C3%89gine,
Attale de Bobbio,/wiki/Attale_de_Bobbio,
Aubert d'Avranches,/wiki/Aubert_d%27Avranches,
Aubert de Cambrai,/wiki/Aubert_de_Cambrai,
Æthelburh de Faremoutiers,/wiki/%C3%86thelburh_de_Faremoutiers,
Aubin d'Angers,/wiki/Aubin_d%27Angers,
Auctor de Metz,/wiki/Auctor_de_Metz,
Etheldrède d'Ély,/wiki/Etheldr%C3%A8de_d%27%C3%89ly,
Ansfrid d'Utrecht,/wiki/Ansfrid_d%27Utrecht,
Auguste Chapdelaine,/wiki/Auguste_Chapdelaine,
Augustin d'Hippone,/wiki/Augustin_d%27Hippone,
Augustin de Cantorbéry,/wiki/Augustin_de_Cantorb%C3%A9ry,
Augustin Pak Chong-won,/wiki/Augustin_Pak_Chong-won,
Augustin Schoeffler,/wiki/Augustin_Schoeffler,
Augustin Zhao Rong,/wiki/Augustin_Zhao_Rong,
Aunaire d'Auxerre,/wiki/Aunaire_d%27Auxerre,
Aure de Paris,/wiki/Aure_de_Paris,
Aurée,/wiki/Aur%C3%A9e,
Aurèle de Carthage,/wiki/Aur%C3%A8le_de_Carthage,
Aurélien d'Arles,/wiki/Aur%C3%A9lien_d%27Arles,
Aurélien de Limoges,/wiki/Aur%C3%A9lien_de_Limoges,
Ausone d'Angoulême,/wiki/Ausone_d%27Angoul%C3%AAme,
Auspice de Toul,/wiki/Auspice_de_Toul,
Austinde d'Auch,/wiki/Austinde_d%27Auch,
Austreberthe de Pavilly,/wiki/Austreberthe_de_Pavilly,
Austrégésile de Bourges,/wiki/Austr%C3%A9g%C3%A9sile_de_Bourges,
Austremoine de Clermont,/wiki/Austremoine_de_Clermont,
Aventin de Larboust,/wiki/Aventin_de_Larboust,
Avertin de Tours,/wiki/Avertin_de_Tours,
Avit de Micy,/wiki/Avit_de_Micy,
Avit de Vienne,/wiki/Avit_de_Vienne,
Airald,/wiki/Airald,
Babylas d'Antioche,/wiki/Babylas_d%27Antioche,
Serge et Bacchus de Rasafa,/wiki/Serge_et_Bacchus_de_Rasafa,
Balbine de Rome,/wiki/Balbine_de_Rome,
Camilla Battista da Varano,/wiki/Camilla_Battista_da_Varano,
Barbat de Bénévent,/wiki/Barbat_de_B%C3%A9n%C3%A9vent,
Barbatien de Ravenne,/wiki/Barbatien_de_Ravenne,
Barbe d'Héliopolis,/wiki/Barbe_d%27H%C3%A9liopolis,
Bardo de Mayence,/wiki/Bardo_de_Mayence,
Barnabé,/wiki/Barnab%C3%A9,
Barnard de Romans,/wiki/Barnard_de_Romans,
Barsanuphe de Gaza,/wiki/Barsanuphe_de_Gaza,
Barses d’Édesse,/wiki/Barses_d%E2%80%99%C3%89desse,
Barthélemy (apôtre),/wiki/Barth%C3%A9lemy_(ap%C3%B4tre),
Barthélemy des Martyrs,/wiki/Barth%C3%A9lemy_des_Martyrs,
Bartolomée Capitanio,/wiki/Bartolom%C3%A9e_Capitanio,
Basile d'Ancyre,/wiki/Basile_d%27Ancyre,
Basile l'Ancien,/wiki/Basile_l%27Ancien,
Basile de Césarée,/wiki/Basile_de_C%C3%A9sar%C3%A9e,
Basle de Verzy,/wiki/Basle_de_Verzy,
Bathilde,/wiki/Bathilde,
Baudile de Nîmes,/wiki/Baudile_de_N%C3%AEmes,
Baudime d'Auvergne,/wiki/Baudime_d%27Auvergne,
Baudouin de Rieti,/wiki/Baudouin_de_Rieti,
Baudouin de Laon,/wiki/Baudouin_de_Laon,
Bavon de Gand,/wiki/Bavon_de_Gand,
Béatrice de Silva,/wiki/B%C3%A9atrice_de_Silva,
Béatrice de Rome,/wiki/B%C3%A9atrice_de_Rome,
Bède le Vénérable,/wiki/B%C3%A8de_le_V%C3%A9n%C3%A9rable,
Begge d'Andenne,/wiki/Begge_d%27Andenne,
Bénédicte Cambiagio Frassinello,/wiki/B%C3%A9n%C3%A9dicte_Cambiagio_Frassinello,
Bénédicte Hyon Kyong-nyon,/wiki/B%C3%A9n%C3%A9dicte_Hyon_Kyong-nyon,
Bénézet d'Avignon,/wiki/B%C3%A9n%C3%A9zet_d%27Avignon,
Bénigne de Dijon,/wiki/B%C3%A9nigne_de_Dijon,
Bénilde,/wiki/B%C3%A9nilde,
Bénilde de Cordoue,/wiki/B%C3%A9nilde_de_Cordoue,
Benjamin de Perse,/wiki/Benjamin_de_Perse,
Bennon de Meissen,/wiki/Bennon_de_Meissen,
Benoît de Nursie,/wiki/Beno%C3%AEt_de_Nursie,
Benoît Biscop,/wiki/Beno%C3%AEt_Biscop,
Benoît d'Aniane,/wiki/Beno%C3%AEt_d%27Aniane,
Benoît II,/wiki/Beno%C3%AEt_II,
Benoît le Maure,/wiki/Beno%C3%AEt_le_Maure,
Benoît Menni,/wiki/Beno%C3%AEt_Menni,
Benoît-Joseph Labre,/wiki/Beno%C3%AEt-Joseph_Labre,
Berchaire (abbé),/wiki/Berchaire_(abb%C3%A9),
Bérégise d'Andage,/wiki/B%C3%A9r%C3%A9gise_d%27Andage,
Bérenger de Saint-Papoul,/wiki/B%C3%A9renger_de_Saint-Papoul,
Berlinde de Meerbeke,/wiki/Berlinde_de_Meerbeke,
Bernadette Soubirous,/wiki/Bernadette_Soubirous,
Bernard de Clairvaux,/wiki/Bernard_de_Clairvaux,
Bernard de Corleone,/wiki/Bernard_de_Corleone,
Bernard de Menthon,/wiki/Bernard_de_Menthon,
Bernardo degli Uberti,/wiki/Bernardo_degli_Uberti,
Bernard de Tiron,/wiki/Bernard_de_Tiron,
Bernard Tolomei,/wiki/Bernard_Tolomei,
Bernardin de Sienne,/wiki/Bernardin_de_Sienne,
Bernardin Realino,/wiki/Bernardin_Realino,
Bernold d'Utrecht,/wiki/Bernold_d%27Utrecht,
Bernward de Hildesheim,/wiki/Bernward_de_Hildesheim,
Berthe d'Avenay,/wiki/Berthe_d%27Avenay,
Berthe de Blangy,/wiki/Berthe_de_Blangy,
Berthold du mont Carmel,/wiki/Berthold_du_mont_Carmel,
Bertille de Chelles,/wiki/Bertille_de_Chelles,
Bertin de Sithiu,/wiki/Bertin_de_Sithiu,
Bertrand du Mans,/wiki/Bertrand_du_Mans,
Bertrand de Comminges,/wiki/Bertrand_de_Comminges,
Bertuin de Malonne,/wiki/Bertuin_de_Malonne,
Bessarion de Scété,/wiki/Bessarion_de_Sc%C3%A9t%C3%A9,
Béthaire de Chartres,/wiki/B%C3%A9thaire_de_Chartres,
Candida de Rome,/wiki/Candida_de_Rome,
Bibiane,/wiki/Bibiane,
Bilhilde d'Altmunster,/wiki/Bilhilde_d%27Altmunster,
Birin de Dorchester,/wiki/Birin_de_Dorchester,
Bladulphe de Bobbio,/wiki/Bladulphe_de_Bobbio,
Blaise d'Amorium,/wiki/Blaise_d%27Amorium,
Blaise de Sébaste,/wiki/Blaise_de_S%C3%A9baste,
Blandine de Lyon,/wiki/Blandine_de_Lyon,
Saint Blane,/wiki/Saint_Blane,
Leudinus Bodo,/wiki/Leudinus_Bodo,
Béthaire de Chartres,/wiki/B%C3%A9thaire_de_Chartres,
Bonne de Pise,/wiki/Bonne_de_Pise,
Bonaventure de Bagnoregio,/wiki/Bonaventure_de_Bagnoregio,
Bonfils de Foligno,/wiki/Bonfils_de_Foligno,
Boniface de Mayence,/wiki/Boniface_de_Mayence,
Boniface de Bruxelles,/wiki/Boniface_de_Bruxelles,
Boniface Ier,/wiki/Boniface_Ier,
Boniface IV,/wiki/Boniface_IV,
Bonifacia Rodriguez Castro,/wiki/Bonifacia_Rodriguez_Castro,
Bonne de Carlat,/wiki/Bonne_de_Carlat,
Bonnet de Clermont,/wiki/Bonnet_de_Clermont,
Boris et Gleb,/wiki/Boris_et_Gleb,
Botvid (martyr),/wiki/Botvid_(martyr),
Braule de Saragosse,/wiki/Braule_de_Saragosse,
Saint Brendan,/wiki/Saint_Brendan,
Saint Briac,/wiki/Saint_Briac,
Brice de Tours,/wiki/Brice_de_Tours,
Brieuc,/wiki/Brieuc,
Brigitte d'Irlande,/wiki/Brigitte_d%27Irlande,
Brigitte de Suède,/wiki/Brigitte_de_Su%C3%A8de,
Brocard du mont Carmel,/wiki/Brocard_du_mont_Carmel,
Bruno le Chartreux,/wiki/Bruno_le_Chartreux,
Brunon de Cologne,/wiki/Brunon_de_Cologne,
Bruno de Querfurt,/wiki/Bruno_de_Querfurt,
Bruno de Segni,/wiki/Bruno_de_Segni,
Brunon de Wurtzbourg,/wiki/Brunon_de_Wurtzbourg,
Budoc de Dol,/wiki/Budoc_de_Dol,
Buite (saint),/wiki/Buite_(saint),
Burchard de Wurtzbourg,/wiki/Burchard_de_Wurtzbourg,
Fare (abbesse),/wiki/Fare_(abbesse),
Calais d'Anille,/wiki/Calais_d%27Anille,
Calimero (évêque de Milan),/wiki/Calimero_(%C3%A9v%C3%AAque_de_Milan),
Calixte Ier,/wiki/Calixte_Ier,
Callisto Caravario,/wiki/Callisto_Caravario,
Calmin,/wiki/Calmin,
Camille de Lellis,/wiki/Camille_de_Lellis,
Camille d'Écoulives,/wiki/Camille_d%27%C3%89coulives,
"Can, Cantien et Cantienne","/wiki/Can,_Cantien_et_Cantienne",
Caprais d'Agen,/wiki/Caprais_d%27Agen,
Carine d'Ancyre,/wiki/Carine_d%27Ancyre,
Saint Carthage l'Ancien,/wiki/Saint_Carthage_l%27Ancien,
Casilda de Tolède,/wiki/Casilda_de_Tol%C3%A8de,
Saint Casimir,/wiki/Saint_Casimir,
Saint Cast (page inexistante),/w/index.php?title=Saint_Cast&action=edit&redlink=1,
Catherine d'Alexandrie,/wiki/Catherine_d%27Alexandrie,
Catherine de Bologne,/wiki/Catherine_de_Bologne,
Catherine Drexel,/wiki/Catherine_Drexel,
Catherine de Francheville,/wiki/Catherine_de_Francheville,
Catherine Jarrige,/wiki/Catherine_Jarrige,
Catherine Labouré,/wiki/Catherine_Labour%C3%A9,
Catherine de Sienne,/wiki/Catherine_de_Sienne,
Catherine de Suède,/wiki/Catherine_de_Su%C3%A8de,
Cécile de Rome,/wiki/C%C3%A9cile_de_Rome,
Cédric (prénom),/wiki/C%C3%A9dric_(pr%C3%A9nom),
Céleste de Metz,/wiki/C%C3%A9leste_de_Metz,
Célestin Ier,/wiki/C%C3%A9lestin_Ier,
Célestin V,/wiki/C%C3%A9lestin_V,
Céline de Meaux,/wiki/C%C3%A9line_de_Meaux,
Céline de Laon,/wiki/C%C3%A9line_de_Laon,
Cerice,,
Charbel Makhlouf,/wiki/Charbel_Makhlouf,
Charles Lwanga,/wiki/Charles_Lwanga,
Sainte Charbelle (page inexistante),/w/index.php?title=Sainte_Charbelle&action=edit&redlink=1,
Charles Borromée,/wiki/Charles_Borrom%C3%A9e,
Charles de Blois,/wiki/Charles_de_Blois,
Charles de Sezze,/wiki/Charles_de_Sezze,
Charles Garnier (jésuite),/wiki/Charles_Garnier_(j%C3%A9suite),
Jean-André Houben,/wiki/Jean-Andr%C3%A9_Houben,
Charles-Joseph-Eugène de Mazenod,/wiki/Charles-Joseph-Eug%C3%A8ne_de_Mazenod,
Charlotte de la Résurrection,/wiki/Charlotte_de_la_R%C3%A9surrection,
Saint Chéron (page inexistante),/w/index.php?title=Saint_Ch%C3%A9ron&action=edit&redlink=1,
Nina de Géorgie,/wiki/Nina_de_G%C3%A9orgie,
Christine de Rome (page inexistante),/w/index.php?title=Christine_de_Rome&action=edit&redlink=1,
Christophe de Lycie,/wiki/Christophe_de_Lycie,
Chromace d'Aquilée,/wiki/Chromace_d%27Aquil%C3%A9e,
Clair d'Aquitaine,/wiki/Clair_d%27Aquitaine,
Clair de Nantes,/wiki/Clair_de_Nantes,
Claire d'Assise,/wiki/Claire_d%27Assise,
Claire de Montefalco,/wiki/Claire_de_Montefalco,
Claude de Besançon,/wiki/Claude_de_Besan%C3%A7on,
Claude La Colombière,/wiki/Claude_La_Colombi%C3%A8re,
Claudia,,
Claudia De Corriveau (page inexistante),/w/index.php?title=Claudia_De_Corriveau&action=edit&redlink=1,
Claudine Thévenet,/wiki/Claudine_Th%C3%A9venet,
Clelia Barbieri,/wiki/Clelia_Barbieri,
Clémence d'Öhren,/wiki/Cl%C3%A9mence_d%27%C3%96hren,
Clément Ier,/wiki/Cl%C3%A9ment_Ier,
Clément de Metz,/wiki/Cl%C3%A9ment_de_Metz,
Clément de Vannes,/wiki/Cl%C3%A9ment_de_Vannes,
Clodoald,/wiki/Clodoald,
Clotilde (465-545),/wiki/Clotilde_(465-545),
Colette de Corbie,/wiki/Colette_de_Corbie,
Colman de Stockerau,/wiki/Colman_de_Stockerau,
Colomba d'Iona,/wiki/Colomba_d%27Iona,
Colomban de Luxeuil,/wiki/Colomban_de_Luxeuil,
Côme et Damien,/wiki/C%C3%B4me_et_Damien,
Concordius (Saint) (page inexistante),/w/index.php?title=Concordius_(Saint)&action=edit&redlink=1,
Concordius de Spolète (page inexistante),/w/index.php?title=Concordius_de_Spol%C3%A8te&action=edit&redlink=1,
Saint Condède (page inexistante),/w/index.php?title=Saint_Cond%C3%A8de&action=edit&redlink=1,
Conrad de Plaisance,/wiki/Conrad_de_Plaisance,
Constance (fille de Constantin),/wiki/Constance_(fille_de_Constantin),
Constant d'Ancône,/wiki/Constant_d%27Anc%C3%B4ne,
Contest (saint),/wiki/Contest_(saint),
Corentin de Quimper,/wiki/Corentin_de_Quimper,
Corneille (pape),/wiki/Corneille_(pape),
Crépin et Crépinien,/wiki/Cr%C3%A9pin_et_Cr%C3%A9pinien,
Crépin et Crépinien,/wiki/Cr%C3%A9pin_et_Cr%C3%A9pinien,
Crescent (saint),/wiki/Crescent_(saint),
Crispin de Viterbe,/wiki/Crispin_de_Viterbe,
Cunégonde de Luxembourg,/wiki/Cun%C3%A9gonde_de_Luxembourg,
Saint Cybard,/wiki/Saint_Cybard,
Cyprien de Carthage,/wiki/Cyprien_de_Carthage,
Cyr de Tarse,/wiki/Cyr_de_Tarse,
Cyran (saint),/wiki/Cyran_(saint),
Côme et Damien,/wiki/C%C3%B4me_et_Damien,
Père Damien,/wiki/P%C3%A8re_Damien,
Denis de Paris,/wiki/Denis_de_Paris,
Denise,/wiki/Denise,
Denise,/wiki/Denise,
Saint Néventer,/wiki/Saint_N%C3%A9venter,
Sainte Dévote,/wiki/Sainte_D%C3%A9vote,
Diane d'Andalo,/wiki/Diane_d%27Andalo,
Didier de Langres,/wiki/Didier_de_Langres,
Saint Dié,/wiki/Saint_Di%C3%A9,
Diego d'Alcalá,/wiki/Diego_d%27Alcal%C3%A1,
Diogène d'Arras,/wiki/Diog%C3%A8ne_d%27Arras,
Dominique de Guzmán,/wiki/Dominique_de_Guzm%C3%A1n,
Dominique Savio,/wiki/Dominique_Savio,
Dominius,/wiki/Dominius,
Saint Domitien,/wiki/Saint_Domitien,
Flavia Domitilla,/wiki/Flavia_Domitilla,
Donald d'Ogilvy,/wiki/Donald_d%27Ogilvy,
Donat d'Arezzo,/wiki/Donat_d%27Arezzo,
Donat de Besançon,/wiki/Donat_de_Besan%C3%A7on,
Donat de Carthage (page inexistante),/w/index.php?title=Donat_de_Carthage&action=edit&redlink=1,
Donatien de Nantes,/wiki/Donatien_de_Nantes,
Dorothée de Tyr,/wiki/Doroth%C3%A9e_de_Tyr,
Dorothée de Gaza,/wiki/Doroth%C3%A9e_de_Gaza,
Dorothée (moine) (page inexistante),/w/index.php?title=Doroth%C3%A9e_(moine)&action=edit&redlink=1,
Dorothée (moine femme) (page inexistante),/w/index.php?title=Doroth%C3%A9e_(moine_femme)&action=edit&redlink=1,
Douceline de Digne,/wiki/Douceline_de_Digne,
Drausin de Soissons,/wiki/Drausin_de_Soissons,
Druon de Sebourg,/wiki/Druon_de_Sebourg,
Ecgwine,/wiki/Ecgwine,
Edmond Rich d'Abingdon,/wiki/Edmond_Rich_d%27Abingdon,
Édouard le Martyr,/wiki/%C3%89douard_le_Martyr,
Édouard le Confesseur,/wiki/%C3%89douard_le_Confesseur,
Éléonore de Provence,/wiki/%C3%89l%C3%A9onore_de_Provence,
Éleuthère de Tournai,/wiki/%C3%89leuth%C3%A8re_de_Tournai,
Élisabeth (mère de Jean le Baptiste),/wiki/%C3%89lisabeth_(m%C3%A8re_de_Jean_le_Baptiste),
Élisabeth de Hongrie,/wiki/%C3%89lisabeth_de_Hongrie,
Élisabeth de Portugal,/wiki/%C3%89lisabeth_de_Portugal,
Élisabeth (abbesse) (page inexistante),/w/index.php?title=%C3%89lisabeth_(abbesse)&action=edit&redlink=1,
Élisabeth la Bonne,/wiki/%C3%89lisabeth_la_Bonne,
Élisabeth de la Trinité,/wiki/%C3%89lisabeth_de_la_Trinit%C3%A9,
Éloi de Noyon,/wiki/%C3%89loi_de_Noyon,
Louis et Zélie Martin,/wiki/Louis_et_Z%C3%A9lie_Martin,
Epvre de Toul,/wiki/Epvre_de_Toul,
Elzéar de Sabran,/wiki/Elz%C3%A9ar_de_Sabran,
Émeline,/wiki/%C3%89meline,
Émérentienne,/wiki/%C3%89m%C3%A9rentienne,
Émile l'Africain (saint) (page inexistante),/w/index.php?title=%C3%89mile_l%27Africain_(saint)&action=edit&redlink=1,
Emma de Gurk,/wiki/Emma_de_Gurk,
Emmanuel Morales (page inexistante),/w/index.php?title=Emmanuel_Morales&action=edit&redlink=1,
Emmanuel Nguyen Van Trieu,/wiki/Emmanuel_Nguyen_Van_Trieu,
Emmanuel Lê Van Phung,/wiki/Emmanuel_L%C3%AA_Van_Phung,
Énimie,/wiki/%C3%89nimie,
Éphrem le Syrien,/wiki/%C3%89phrem_le_Syrien,
Érasme (saint) (page inexistante),/w/index.php?title=%C3%89rasme_(saint)&action=edit&redlink=1,
Érasme de Formia,/wiki/%C3%89rasme_de_Formia,
Éric IX de Suède,/wiki/%C3%89ric_IX_de_Su%C3%A8de,
Erkembode de Thérouanne,/wiki/Erkembode_de_Th%C3%A9rouanne,
Ermelinde de Meldert,/wiki/Ermelinde_de_Meldert,
Ermin (page inexistante),/w/index.php?title=Ermin&action=edit&redlink=1,
Estelle de Saintes,/wiki/Estelle_de_Saintes,
Étienne (martyr),/wiki/%C3%89tienne_(martyr),
Étienne Ier (pape),/wiki/%C3%89tienne_Ier_(pape),
Étienne Ier de Hongrie,/wiki/%C3%89tienne_Ier_de_Hongrie,
Étienne de Châtillon,/wiki/%C3%89tienne_de_Ch%C3%A2tillon,
Étienne de Muret,/wiki/%C3%89tienne_de_Muret,
Étienne Harding,/wiki/%C3%89tienne_Harding,
Étienne-Théodore Cuenot,/wiki/%C3%89tienne-Th%C3%A9odore_Cuenot,
Saint Etton,/wiki/Saint_Etton,
Eucher de Lyon,/wiki/Eucher_de_Lyon,
Eucher d'Orléans,/wiki/Eucher_d%27Orl%C3%A9ans,
Euchonius (page inexistante),/w/index.php?title=Euchonius&action=edit&redlink=1,
Eugène de Deuil (page inexistante),/w/index.php?title=Eug%C3%A8ne_de_Deuil&action=edit&redlink=1,
Eulalie de Mérida,/wiki/Eulalie_de_M%C3%A9rida,
Eulalie de Barcelone,/wiki/Eulalie_de_Barcelone,
Euphémie de Chalcédoine,/wiki/Euph%C3%A9mie_de_Chalc%C3%A9doine,
Euphrasie du Sacré-Cœur de Jésus,/wiki/Euphrasie_du_Sacr%C3%A9-C%C5%93ur_de_J%C3%A9sus,
Eusèbe de Milan,/wiki/Eus%C3%A8be_de_Milan,
Eusèbe de Verceil,/wiki/Eus%C3%A8be_de_Verceil,
Eustache de Rome,/wiki/Eustache_de_Rome,
Eustache de Luxeuil,/wiki/Eustache_de_Luxeuil,
Eustache de Fly,/wiki/Eustache_de_Fly,
Eustochium,/wiki/Eustochium,
Eustochia Smeralda Calafato,/wiki/Eustochia_Smeralda_Calafato,
Eutrope de Saintes,/wiki/Eutrope_de_Saintes,
Eutropie (page inexistante),/w/index.php?title=Eutropie&action=edit&redlink=1,
Eutychès,/wiki/Eutych%C3%A8s,
Évariste (pape),/wiki/%C3%89variste_(pape),
Euverte d'Orléans,/wiki/Euverte_d%27Orl%C3%A9ans,
Évroult d'Ouche,/wiki/%C3%89vroult_d%27Ouche,
Exupère de Toulouse,/wiki/Exup%C3%A8re_de_Toulouse,
Saint Expédit,/wiki/Saint_Exp%C3%A9dit,
Fabien (pape),/wiki/Fabien_(pape),
Fabienne,/wiki/Fabienne,
Falcon de Maastricht,/wiki/Falcon_de_Maastricht,
Fanny,/wiki/Fanny,
Fare (abbesse),/wiki/Fare_(abbesse),
Faustine Kowalska,/wiki/Faustine_Kowalska,
Faustino Míguez González,/wiki/Faustino_M%C3%ADguez_Gonz%C3%A1lez,
Fargeau,,
Félicien de Foligno,/wiki/F%C3%A9licien_de_Foligno,
Perpétue et Félicité,/wiki/Perp%C3%A9tue_et_F%C3%A9licit%C3%A9,
Félix Ier,/wiki/F%C3%A9lix_Ier,
Félix Ier de Metz,/wiki/F%C3%A9lix_Ier_de_Metz,
Félix III,/wiki/F%C3%A9lix_III,
Félix IV,/wiki/F%C3%A9lix_IV,
Félix de Cantalice,/wiki/F%C3%A9lix_de_Cantalice,
Félix de Nantes,/wiki/F%C3%A9lix_de_Nantes,
Félix de Nicosie,/wiki/F%C3%A9lix_de_Nicosie,
Ferjeux de Besançon,/wiki/Ferjeux_de_Besan%C3%A7on,
Ferréol de Besançon,/wiki/Ferr%C3%A9ol_de_Besan%C3%A7on,
Fiacre (saint),/wiki/Fiacre_(saint),
Fidèle de Sigmaringen,/wiki/Fid%C3%A8le_de_Sigmaringen,
Fina de San Geminiano,/wiki/Fina_de_San_Geminiano,
Firmin d'Amiens,/wiki/Firmin_d%27Amiens,
Flamine,/wiki/Flamine,
Flavien de Constantinople,/wiki/Flavien_de_Constantinople,
Flavien de Chalon (page inexistante),/w/index.php?title=Flavien_de_Chalon&action=edit&redlink=1,
Titus Flavius Clemens,/wiki/Titus_Flavius_Clemens,
Fleur d'Issendolus,/wiki/Fleur_d%27Issendolus,
Florence de Comblé,/wiki/Florence_de_Combl%C3%A9,
Florent de Strasbourg,/wiki/Florent_de_Strasbourg,
Florent d'Anjou,/wiki/Florent_d%27Anjou,
Florent de Cahors,/wiki/Florent_de_Cahors,
Florent d'Orange,/wiki/Florent_d%27Orange,
Florent de Vienne,/wiki/Florent_de_Vienne,
Florian de Lorch,/wiki/Florian_de_Lorch,
Foy d'Agen,/wiki/Foy_d%27Agen,
François d'Assise,/wiki/Fran%C3%A7ois_d%27Assise,
François de Fabriano (page inexistante),/w/index.php?title=Fran%C3%A7ois_de_Fabriano&action=edit&redlink=1,
François Marto,/wiki/Fran%C3%A7ois_Marto,
François de Montmorency-Laval,/wiki/Fran%C3%A7ois_de_Montmorency-Laval,
François de Paule,/wiki/Fran%C3%A7ois_de_Paule,
François de Sales,/wiki/Fran%C3%A7ois_de_Sales,
François Solano,/wiki/Fran%C3%A7ois_Solano,
François Xavier,/wiki/Fran%C3%A7ois_Xavier,
François-Marie de Camporosso,/wiki/Fran%C3%A7ois-Marie_de_Camporosso,
Françoise Romaine,/wiki/Fran%C3%A7oise_Romaine,
Frédéric d'Utrecht,/wiki/Fr%C3%A9d%C3%A9ric_d%27Utrecht,
Frézal du Gévaudan,/wiki/Fr%C3%A9zal_du_G%C3%A9vaudan,
Fromond (ermite),/wiki/Fromond_(ermite),
Front de Passais,/wiki/Front_de_Passais,
Front de Périgueux,/wiki/Front_de_P%C3%A9rigueux,
Fulbert de Chartres,/wiki/Fulbert_de_Chartres,
Fursy de Péronne,/wiki/Fursy_de_P%C3%A9ronne,
Gabriel de l'Addolorata,/wiki/Gabriel_de_l%27Addolorata,
Gabriel-Taurin Dufresse,/wiki/Gabriel-Taurin_Dufresse,
Gaétan Catanoso,/wiki/Ga%C3%A9tan_Catanoso,
Gaétan de Thiene,/wiki/Ga%C3%A9tan_de_Thiene,
Gaetano Errico,/wiki/Gaetano_Errico,
Galactoire de Lescar,/wiki/Galactoire_de_Lescar,
Gal Ier de Clermont,/wiki/Gal_Ier_de_Clermont,
Gal II de Clermont,/wiki/Gal_II_de_Clermont,
Gall de Suisse,/wiki/Gall_de_Suisse,
Galmier de Lyon,/wiki/Galmier_de_Lyon,
Gangolf d'Avallon,/wiki/Gangolf_d%27Avallon,
Gaspard Bertoni,/wiki/Gaspard_Bertoni,
Gaspard del Bufalo,/wiki/Gaspard_del_Bufalo,
Gaud d'Évreux,/wiki/Gaud_d%27%C3%89vreux,
Gaudence de Novare,/wiki/Gaudence_de_Novare,
Sainte Gauburge (page inexistante),/w/index.php?title=Sainte_Gauburge&action=edit&redlink=1,
Gaudéric de Viéville,/wiki/Gaud%C3%A9ric_de_Vi%C3%A9ville,
Gault de Concise,/wiki/Gault_de_Concise,
Gemma Galgani,/wiki/Gemma_Galgani,
Genès de Lyon,/wiki/Gen%C3%A8s_de_Lyon,
Sainte Geneviève,/wiki/Sainte_Genevi%C3%A8ve,
Gens du Beaucet,/wiki/Gens_du_Beaucet,
Geoffroy d'Amiens,/wiki/Geoffroy_d%27Amiens,
Georges de Lydda,/wiki/Georges_de_Lydda,
Georges du Velay,/wiki/Georges_du_Velay,
Georges Preca,/wiki/Georges_Preca,
Gérard de Brogne,/wiki/G%C3%A9rard_de_Brogne,
Gérard de Csanád,/wiki/G%C3%A9rard_de_Csan%C3%A1d,
Gérard de la Charité-sur-Loire (page inexistante),/w/index.php?title=G%C3%A9rard_de_la_Charit%C3%A9-sur-Loire&action=edit&redlink=1,
Gérard de Corbie,/wiki/G%C3%A9rard_de_Corbie,
Gérard de Séez (page inexistante),/w/index.php?title=G%C3%A9rard_de_S%C3%A9ez&action=edit&redlink=1,
Gérard de Sora (page inexistante),/w/index.php?title=G%C3%A9rard_de_Sora&action=edit&redlink=1,
Gérard de Toul,/wiki/G%C3%A9rard_de_Toul,
Gérard Majella,/wiki/G%C3%A9rard_Majella,
Géraud d'Aurillac,/wiki/G%C3%A9raud_d%27Aurillac,
Saint Gerbaud,/wiki/Saint_Gerbaud,
Gerlac de Houthem,/wiki/Gerlac_de_Houthem,
Germain à la rouelle,/wiki/Germain_%C3%A0_la_rouelle,
Germain d'Auxerre,/wiki/Germain_d%27Auxerre,
Germaine de Pibrac,/wiki/Germaine_de_Pibrac,
Gertrude d'Hamage,/wiki/Gertrude_d%27Hamage,
Gertrude de Helfta,/wiki/Gertrude_de_Helfta,
Gertrude de Nivelles,/wiki/Gertrude_de_Nivelles,
Gertrude de Remiremont (page inexistante),/w/index.php?title=Gertrude_de_Remiremont&action=edit&redlink=1,
Saint Gervais et saint Protais,/wiki/Saint_Gervais_et_saint_Protais,
Géry de Cambrai,/wiki/G%C3%A9ry_de_Cambrai,
Ghislain de Mons,/wiki/Ghislain_de_Mons,
Gilbert de Neuffonts,/wiki/Gilbert_de_Neuffonts,
Gildas le Sage,/wiki/Gildas_le_Sage,
Gilles l'Ermite,/wiki/Gilles_l%27Ermite,
Saint Gilles de Santarem (page inexistante),/w/index.php?title=Saint_Gilles_de_Santarem&action=edit&redlink=1,
Girons d'Hagetmau,/wiki/Girons_d%27Hagetmau,
Giovanni Antonio Farina,/wiki/Giovanni_Antonio_Farina,
Joseph Moscati,/wiki/Joseph_Moscati,
Giuseppe Benedetto Cottolengo,/wiki/Giuseppe_Benedetto_Cottolengo,
Gladys de Pencarnu (page inexistante),/w/index.php?title=Gladys_de_Pencarnu&action=edit&redlink=1,
Goar de Rhénanie,/wiki/Goar_de_Rh%C3%A9nanie,
Godefroid Coart,/wiki/Godefroid_Coart,
Godelieve de Gistel,/wiki/Godelieve_de_Gistel,
Gohard de Nantes,/wiki/Gohard_de_Nantes,
Gontran (roi),/wiki/Gontran_(roi),
Saint Gonzalve (page inexistante),/w/index.php?title=Saint_Gonzalve&action=edit&redlink=1,
Saint Gorgon,/wiki/Saint_Gorgon,
Grâce,,
Grégoire Barbarigo,/wiki/Gr%C3%A9goire_Barbarigo,
Grégoire Ier,/wiki/Gr%C3%A9goire_Ier,
Grégoire l'Hésychaste,/wiki/Gr%C3%A9goire_l%27H%C3%A9sychaste,
Grégoire de Nazianze,/wiki/Gr%C3%A9goire_de_Nazianze,
Grégoire de Nysse,/wiki/Gr%C3%A9goire_de_Nysse,
Grégoire de Tours,/wiki/Gr%C3%A9goire_de_Tours,
Sainte Grimonie,/wiki/Sainte_Grimonie,
Guénolé de Landévennec,/wiki/Gu%C3%A9nol%C3%A9_de_Land%C3%A9vennec,
Guérin (évêque de Sion),/wiki/Gu%C3%A9rin_(%C3%A9v%C3%AAque_de_Sion),
Guillaume de Bourges,/wiki/Guillaume_de_Bourges,
Guillaume de Verceil,/wiki/Guillaume_de_Verceil,
Guillaume de Gellone,/wiki/Guillaume_de_Gellone,
Saint Gustave (page inexistante),/w/index.php?title=Saint_Gustave&action=edit&redlink=1,
"Guy, Modeste et Crescence","/wiki/Guy,_Modeste_et_Crescence",
Saint Gwenaël,/wiki/Saint_Gwena%C3%ABl,
Habib d'Édesse,/wiki/Habib_d%27%C3%89desse,
Edwige de Silésie,/wiki/Edwige_de_Sil%C3%A9sie,
Sainte Hélène d'Anjou,/wiki/Sainte_H%C3%A9l%C3%A8ne_d%27Anjou,
Héliodore d'Altino,/wiki/H%C3%A9liodore_d%27Altino,
Saint Henri,/wiki/Saint_Henri,
Henri de Osso y Cervello,/wiki/Henri_de_Osso_y_Cervello,
Herménégild,/wiki/Herm%C3%A9n%C3%A9gild,
Saint Hervé,/wiki/Saint_Herv%C3%A9,
Hilaire de Poitiers,/wiki/Hilaire_de_Poitiers,
Hilarion de Gaza,/wiki/Hilarion_de_Gaza,
Hildegarde de Bingen,/wiki/Hildegarde_de_Bingen,
Hippolyte de Rome,/wiki/Hippolyte_de_Rome,
Honorat d'Arles,/wiki/Honorat_d%27Arles,
Honoré d'Amiens,/wiki/Honor%C3%A9_d%27Amiens,
Honorine de Graville,/wiki/Honorine_de_Graville,
Jean-André Houben,/wiki/Jean-Andr%C3%A9_Houben,
Hubert de Liège,/wiki/Hubert_de_Li%C3%A8ge,
Humilis de Bisignano,/wiki/Humilis_de_Bisignano,
Saint Hyacinthe,/wiki/Saint_Hyacinthe,
Isabelle,,
Ide de Boulogne,/wiki/Ide_de_Boulogne,
Idesbald des Dunes,/wiki/Idesbald_des_Dunes,
Ignace d'Antioche,/wiki/Ignace_d%27Antioche,
Ignace de Laconi,/wiki/Ignace_de_Laconi,
Ignace de Loyola,/wiki/Ignace_de_Loyola,
Ildefonse de Tolède,/wiki/Ildefonse_de_Tol%C3%A8de,
Irène de Hongrie,/wiki/Ir%C3%A8ne_de_Hongrie,
Irénée de Lyon,/wiki/Ir%C3%A9n%C3%A9e_de_Lyon,
Isidore de Scété,/wiki/Isidore_de_Sc%C3%A9t%C3%A9,
Isidore de Séville,/wiki/Isidore_de_S%C3%A9ville,
Isaac Jogues,/wiki/Isaac_Jogues,
Ismaël,/wiki/Isma%C3%ABl,
Innocent Canoura Arnau,/wiki/Innocent_Canoura_Arnau,
Massacre des Innocents,/wiki/Massacre_des_Innocents,
Giacinta Marescotti,/wiki/Giacinta_Marescotti,
Jacinthe Marto,/wiki/Jacinthe_Marto,
Jacques Chastan,/wiki/Jacques_Chastan,
Jacqueline de Septisoles,/wiki/Jacqueline_de_Septisoles,
Jacques de la Marche,/wiki/Jacques_de_la_Marche,
Jacques de Zébédée,/wiki/Jacques_de_Z%C3%A9b%C3%A9d%C3%A9e,
Jacques d'Alphée,/wiki/Jacques_d%27Alph%C3%A9e,
Janvier de Bénévent,/wiki/Janvier_de_B%C3%A9n%C3%A9vent,
Jacques le Juste,/wiki/Jacques_le_Juste,
Jean,,
Jean le Baptiste,/wiki/Jean_le_Baptiste,
Jean-Baptiste de La Salle,/wiki/Jean-Baptiste_de_La_Salle,
Jean Berchmans,/wiki/Jean_Berchmans,
Jean Bosco,/wiki/Jean_Bosco,
Jean Chrysostome,/wiki/Jean_Chrysostome,
Jean de Brébeuf,/wiki/Jean_de_Br%C3%A9beuf,
Jean Calabria,/wiki/Jean_Calabria,
Jean de Dieu,/wiki/Jean_de_Dieu,
Jean XXIII,/wiki/Jean_XXIII,
Jean Macias,/wiki/Jean_Macias,
Jean de Matha,/wiki/Jean_de_Matha,
Jean de Saint-Facond,/wiki/Jean_de_Saint-Facond,
Jean Eudes,/wiki/Jean_Eudes,
Jean-François Régis,/wiki/Jean-Fran%C3%A7ois_R%C3%A9gis,
Jean le Silenciaire,/wiki/Jean_le_Silenciaire,
Jean-Louis Bonnard,/wiki/Jean-Louis_Bonnard,
Jean (apôtre),/wiki/Jean_(ap%C3%B4tre),
Saint Jean Porte latine,/wiki/Saint_Jean_Porte_latine,
Jean-Gabriel Perboyre,/wiki/Jean-Gabriel_Perboyre,
Jean-Marie Vianney,/wiki/Jean-Marie_Vianney,
Jean-Paul II,/wiki/Jean-Paul_II,
Jeanne de France (1464-1505),/wiki/Jeanne_de_France_(1464-1505),
Jeanne-Antide Thouret,/wiki/Jeanne-Antide_Thouret,
Jeanne d'Arc,/wiki/Jeanne_d%27Arc,
Jeanne Beretta Molla,/wiki/Jeanne_Beretta_Molla,
Jeanne-Élisabeth Bichier des Ages,/wiki/Jeanne-%C3%89lisabeth_Bichier_des_Ages,
Jeanne-Émilie de Villeneuve,/wiki/Jeanne-%C3%89milie_de_Villeneuve,
Jeanne de Chantal,/wiki/Jeanne_de_Chantal,
"Jeanne, femme de Chouza","/wiki/Jeanne,_femme_de_Chouza",
Jérémie,/wiki/J%C3%A9r%C3%A9mie,
Jérôme de Stridon,/wiki/J%C3%A9r%C3%B4me_de_Stridon,
Jérôme Emilien,/wiki/J%C3%A9r%C3%B4me_Emilien,
Job (Bible),/wiki/Job_(Bible),
Joachim (protévangile),/wiki/Joachim_(prot%C3%A9vangile),
Joaquina Vedruna,/wiki/Joaquina_Vedruna,
Joël (prophète),/wiki/Jo%C3%ABl_(proph%C3%A8te),
John Ogilvie,/wiki/John_Ogilvie,
Jean Sarkander,/wiki/Jean_Sarkander,
Saint Jonas (page inexistante),/w/index.php?title=Saint_Jonas&action=edit&redlink=1,
Saint Jonas de Kiev (page inexistante),/w/index.php?title=Saint_Jonas_de_Kiev&action=edit&redlink=1,
Saint Jory,/wiki/Saint_Jory,
Barlaam et Josaphat,/wiki/Barlaam_et_Josaphat#Version_chrétienne,
José de Anchieta,/wiki/Jos%C3%A9_de_Anchieta,
José Gabriel del Rosario Brochero,/wiki/Jos%C3%A9_Gabriel_del_Rosario_Brochero,
José Luis Sanchez del Rio,/wiki/Jos%C3%A9_Luis_Sanchez_del_Rio,
Josemaría Escrivá de Balaguer,/wiki/Josemar%C3%ADa_Escriv%C3%A1_de_Balaguer,
Joseph (Nouveau Testament),/wiki/Joseph_(Nouveau_Testament),
Joseph de Cupertino,/wiki/Joseph_de_Cupertino,
Joseph de Leonessa,/wiki/Joseph_de_Leonessa,
Joseph Freinademetz,/wiki/Joseph_Freinademetz,
Joseph Marello,/wiki/Joseph_Marello,
Tự Đức,/wiki/T%E1%BB%B1_%C4%90%E1%BB%A9c,
Joseph Oriol,/wiki/Joseph_Oriol,
Joseph Vaz,/wiki/Joseph_Vaz,
Joséphine Bakhita,/wiki/Jos%C3%A9phine_Bakhita,
Saint Josse,/wiki/Saint_Josse,
Jovite (page inexistante),/w/index.php?title=Jovite&action=edit&redlink=1,
Juan Grande Roman,/wiki/Juan_Grande_Roman,
Jude (apôtre),/wiki/Jude_(ap%C3%B4tre),
Judicaël (saint),/wiki/Judica%C3%ABl_(saint),
Sainte Judith (page inexistante),/w/index.php?title=Sainte_Judith&action=edit&redlink=1,
Saint Jules (martyr) (page inexistante),/w/index.php?title=Saint_Jules_(martyr)&action=edit&redlink=1,
Jules Ier,/wiki/Jules_Ier,
Julie de Corse,/wiki/Julie_de_Corse,
Julie Billiart,/wiki/Julie_Billiart,
Pierre-Julien Eymard,/wiki/Pierre-Julien_Eymard,
Julien II de Tolède,/wiki/Julien_II_de_Tol%C3%A8de,
Julien de Brioude,/wiki/Julien_de_Brioude,
Julien l'Hospitalier,/wiki/Julien_l%27Hospitalier,
Julienne de Cornillon,/wiki/Julienne_de_Cornillon,
Juliette de Césarée,/wiki/Juliette_de_C%C3%A9sar%C3%A9e,
Junípero Serra,/wiki/Jun%C3%ADpero_Serra,
Juste de Cantorbéry,/wiki/Juste_de_Cantorb%C3%A9ry,
Juste de Beauvais,/wiki/Juste_de_Beauvais,
Justin de Naplouse,/wiki/Justin_de_Naplouse,
Justin de Jacobis,/wiki/Justin_de_Jacobis,
Justine Bezzoli,/wiki/Justine_Bezzoli,
Justine de Padoue,/wiki/Justine_de_Padoue,
Justine de Nicomédie,/wiki/Justine_de_Nicom%C3%A9die,
Juvin le porcher,/wiki/Juvin_le_porcher,
Jacques Berthieu,/wiki/Jacques_Berthieu,
Kateri Tekakwitha,/wiki/Kateri_Tekakwitha,
Kevin de Glendalough,/wiki/Kevin_de_Glendalough,
Kieran de Clonmacnoise,/wiki/Kieran_de_Clonmacnoise,
Kieran de Saighir,/wiki/Kieran_de_Saighir,
Kinga de Pologne,/wiki/Kinga_de_Pologne,
Saint Kizito,/wiki/Saint_Kizito,
Kuriakose Elias Chavara,/wiki/Kuriakose_Elias_Chavara,
Laetus de Nepta,/wiki/Laetus_de_Nepta,
Lambert de Maastricht,/wiki/Lambert_de_Maastricht,
Landrade de Munsterbilzen,/wiki/Landrade_de_Munsterbilzen,
Landry de Paris,/wiki/Landry_de_Paris,
Laud de Coutances,/wiki/Laud_de_Coutances,
Laumer de Corbion,/wiki/Laumer_de_Corbion,
Larissa (sainte),/wiki/Larissa_(sainte),
Laura Montoya,/wiki/Laura_Montoya,
Laura Vicuña,/wiki/Laura_Vicu%C3%B1a,
Laure de Cordoue,/wiki/Laure_de_Cordoue,
Laurent de Rome,/wiki/Laurent_de_Rome,
Laurent de Cantorbéry,/wiki/Laurent_de_Cantorb%C3%A9ry,
Laurent Imbert,/wiki/Laurent_Imbert,
Lazare de Béthanie,/wiki/Lazare_de_B%C3%A9thanie,
Léandre de Séville,/wiki/L%C3%A9andre_de_S%C3%A9ville,
Léger d'Autun,/wiki/L%C3%A9ger_d%27Autun,
Léobon de Salagnac,/wiki/L%C3%A9obon_de_Salagnac,
Léon (évêque de Sens) (page inexistante),/w/index.php?title=L%C3%A9on_(%C3%A9v%C3%AAque_de_Sens)&action=edit&redlink=1,
Léon Ier (pape),/wiki/L%C3%A9on_Ier_(pape),
Léon II (pape),/wiki/L%C3%A9on_II_(pape),
Léon III (pape),/wiki/L%C3%A9on_III_(pape),
Léon IV (pape),/wiki/L%C3%A9on_IV_(pape),
Léon IX,/wiki/L%C3%A9on_IX,
Léon de Carentan,/wiki/L%C3%A9on_de_Carentan,
Léonard de Noblac,/wiki/L%C3%A9onard_de_Noblac,
Léonard de Port-Maurice,/wiki/L%C3%A9onard_de_Port-Maurice,
Leonardo Murialdo,/wiki/Leonardo_Murialdo,
Saint Léonce,/wiki/Saint_L%C3%A9once,
Léonie Aviat,/wiki/L%C3%A9onie_Aviat,
Léopold Mandic,/wiki/L%C3%A9opold_Mandic,
Lié de MicyLié de Micy (page inexistante),/w/index.php?title=Li%C3%A9_de_MicyLi%C3%A9_de_Micy&action=edit&redlink=1,
Liboire du Mans,/wiki/Liboire_du_Mans,
Lin (pape),/wiki/Lin_(pape),
Lizier de Couserans,/wiki/Lizier_de_Couserans,
Longin de Marseille,/wiki/Longin_de_Marseille,
Saint Loubouer,/wiki/Saint_Loubouer,
Louis Bertrand (saint),/wiki/Louis_Bertrand_(saint),
Louis IX de France,/wiki/Louis_IX_de_France,
Louis d'Anjou,/wiki/Louis_d%27Anjou,
Louis,,
Louis-Marie Grignion de Montfort,/wiki/Louis-Marie_Grignion_de_Montfort,
Louise de Marillac,/wiki/Louise_de_Marillac,
Louis et Zélie Martin,/wiki/Louis_et_Z%C3%A9lie_Martin,
Louis Versiglia,/wiki/Louis_Versiglia,
Loup de Bayeux,/wiki/Loup_de_Bayeux,
Loup de Soissons,/wiki/Loup_de_Soissons,
Loup de Troyes,/wiki/Loup_de_Troyes,
Saint Louvent,/wiki/Saint_Louvent,
Lubin de Chartres,/wiki/Lubin_de_Chartres,
Luc (évangéliste),/wiki/Luc_(%C3%A9vang%C3%A9liste),
Lucie de Syracuse,/wiki/Lucie_de_Syracuse,
Lucia Filippini,/wiki/Lucia_Filippini,
Lucien d'Antioche,/wiki/Lucien_d%27Antioche,
Lucien de Beauvais,/wiki/Lucien_de_Beauvais,
Saint Ludan,/wiki/Saint_Ludan,
Ludovic de Casoria,/wiki/Ludovic_de_Casoria,
Ludovic Pavoni,/wiki/Ludovic_Pavoni,
Luigi Scrosoppi,/wiki/Luigi_Scrosoppi,
Lutgarde de Tongres,/wiki/Lutgarde_de_Tongres,
Lydie,/wiki/Lydie,
Macaire de Scété,/wiki/Macaire_de_Sc%C3%A9t%C3%A9,
Maclou,/wiki/Maclou,
Macre,/wiki/Macre,
Macrine l'Ancienne,/wiki/Macrine_l%27Ancienne,
Macrine la Jeune,/wiki/Macrine_la_Jeune,
Madeleine de Canossa,/wiki/Madeleine_de_Canossa,
Madeleine-Sophie Barat,/wiki/Madeleine-Sophie_Barat,
Mayeul de Cluny,/wiki/Mayeul_de_Cluny,
Mamertin d'Auxerre,/wiki/Mamertin_d%27Auxerre,
Manuel González García,/wiki/Manuel_Gonz%C3%A1lez_Garc%C3%ADa,
Mansuy de Toul,/wiki/Mansuy_de_Toul,
Maravillas de Jesús,/wiki/Maravillas_de_Jes%C3%BAs,
Marc (évangéliste),/wiki/Marc_(%C3%A9vang%C3%A9liste),
Marc (pape),/wiki/Marc_(pape),
Saint Marcel,/wiki/Saint_Marcel,
Marcelle de Rome,/wiki/Marcelle_de_Rome,
Marcellin (pape),/wiki/Marcellin_(pape),
Marcellin de Carthage,/wiki/Marcellin_de_Carthage,
Marcellin Champagnat,/wiki/Marcellin_Champagnat,
Marcienne de Césarée,/wiki/Marcienne_de_C%C3%A9sar%C3%A9e,
Marguerite d'Antioche,/wiki/Marguerite_d%27Antioche,
Marguerite d'Écosse (sainte),/wiki/Marguerite_d%27%C3%89cosse_(sainte),
Marguerite d'Youville,/wiki/Marguerite_d%27Youville,
Marguerite de Cortone,/wiki/Marguerite_de_Cortone,
Marguerite-Marie Alacoque,/wiki/Marguerite-Marie_Alacoque,
Marguerite Bourgeoys,/wiki/Marguerite_Bourgeoys,
Maria Goretti,/wiki/Maria_Goretti,
Maria Guadalupe Garcia Zavala,/wiki/Maria_Guadalupe_Garcia_Zavala,
Maria Crescentia Hoess,/wiki/Maria_Crescentia_Hoess,
Mariam Baouardy,/wiki/Mariam_Baouardy,
Marie (mère de Jésus),/wiki/Marie_(m%C3%A8re_de_J%C3%A9sus),
Marie de Béthanie,/wiki/Marie_de_B%C3%A9thanie,
Marie l'Égyptienne,/wiki/Marie_l%27%C3%89gyptienne,
Marie de l'Immaculée de la Croix,/wiki/Marie_de_l%27Immacul%C3%A9e_de_la_Croix,
Marie de l'Incarnation,/wiki/Marie_de_l%27Incarnation,
Marie-Alphonsine Danil Ghattas,/wiki/Marie-Alphonsine_Danil_Ghattas,
Marie-Christine de l'Immaculée-Conception,/wiki/Marie-Christine_de_l%27Immacul%C3%A9e-Conception,
Marie-Crucifiée de Rosa,/wiki/Marie-Crucifi%C3%A9e_de_Rosa,
Marie-Françoise des Cinq-Plaies,/wiki/Marie-Fran%C3%A7oise_des_Cinq-Plaies,
Marie-Josèphe Rossello,/wiki/Marie-Jos%C3%A8phe_Rossello,
Marie de Magdala,/wiki/Marie_de_Magdala,
Marie-Madeleine de Pazzi,/wiki/Marie-Madeleine_de_Pazzi,
Marien de Combraille,/wiki/Marien_de_Combraille,
Saint Marina (page inexistante),/w/index.php?title=Saint_Marina&action=edit&redlink=1,
Sainte Marina (page inexistante),/w/index.php?title=Sainte_Marina&action=edit&redlink=1,
Marine la Déguisée,/wiki/Marine_la_D%C3%A9guis%C3%A9e,
Marie de Béthanie,/wiki/Marie_de_B%C3%A9thanie,
Martial de Limoges,/wiki/Martial_de_Limoges,
Martin de Brive,/wiki/Martin_de_Brive,
Martin de Porrès,/wiki/Martin_de_Porr%C3%A8s,
Martin de Tours,/wiki/Martin_de_Tours,
Martin de Vertou,/wiki/Martin_de_Vertou,
Martyrs canadiens,/wiki/Martyrs_canadiens,
Martyrs d'Afrique (page inexistante),/w/index.php?title=Martyrs_d%27Afrique&action=edit&redlink=1,
Mary le confesseur,/wiki/Mary_le_confesseur,
Materne de Cologne,/wiki/Materne_de_Cologne,
Matthias (apôtre),/wiki/Matthias_(ap%C3%B4tre),
Mathurin de Larchant,/wiki/Mathurin_de_Larchant,
Matthieu (apôtre),/wiki/Matthieu_(ap%C3%B4tre),
Maur (saint),/wiki/Maur_(saint),
Maurice d'Agaune,/wiki/Maurice_d%27Agaune,
Maxime d'Évreux,/wiki/Maxime_d%27%C3%89vreux,
Maxime d'Andrinople (page inexistante),/w/index.php?title=Maxime_d%27Andrinople&action=edit&redlink=1,
Maxime de Carthage (page inexistante),/w/index.php?title=Maxime_de_Carthage&action=edit&redlink=1,
Maxime le Confesseur,/wiki/Maxime_le_Confesseur,
Maxime de Constantinople (page inexistante),/w/index.php?title=Maxime_de_Constantinople&action=edit&redlink=1,
Maxime de Durostorum (page inexistante),/w/index.php?title=Maxime_de_Durostorum&action=edit&redlink=1,
Maxime d'Évreux,/wiki/Maxime_d%27%C3%89vreux,
Maxime de Kiev,/wiki/Maxime_de_Kiev,
Maxime le Marchand (page inexistante),/w/index.php?title=Maxime_le_Marchand&action=edit&redlink=1,
Maxime de Riez,/wiki/Maxime_de_Riez,
Maxime de Rome,/wiki/Maxime_de_Rome,
Maxime de Turin,/wiki/Maxime_de_Turin,
Maxime (de Callian),/wiki/Maxime_(de_Callian),
Maximilien Kolbe,/wiki/Maximilien_Kolbe,
Mayeul de Cluny,/wiki/Mayeul_de_Cluny,
Médard de Noyon,/wiki/M%C3%A9dard_de_Noyon,
Ménehould,/wiki/M%C3%A9nehould,
Saint Mesmin l'ancien,/wiki/Saint_Mesmin_l%27ancien,
Michel Garicoïts,/wiki/Michel_Garico%C3%AFts,
Monique d'Hippone,/wiki/Monique_d%27Hippone,
Monon de Nassogne,/wiki/Monon_de_Nassogne,
Maron (saint),/wiki/Maron_(saint),
Nabor,/wiki/Nabor,
Espérance (sainte),/wiki/Esp%C3%A9rance_(sainte),
Namadie,/wiki/Namadie,
Namphase,/wiki/Namphase,
Narno de Bergame,/wiki/Narno_de_Bergame,
Adrien de Nicomédie,/wiki/Adrien_de_Nicom%C3%A9die,
Nazaire de Milan,/wiki/Nazaire_de_Milan,
Nectaire (Auvergne),/wiki/Nectaire_(Auvergne),
Pierre-François Néron,/wiki/Pierre-Fran%C3%A7ois_N%C3%A9ron,
Saint Nicaise,/wiki/Saint_Nicaise,
Nicolas Caramos (page inexistante),/w/index.php?title=Nicolas_Caramos&action=edit&redlink=1,
Nicolas de Flue,/wiki/Nicolas_de_Flue,
Nicolas de Longobardi,/wiki/Nicolas_de_Longobardi,
Nicolas de Myre,/wiki/Nicolas_de_Myre,
Nicolas le Studite,/wiki/Nicolas_le_Studite,
Nicolas de Tolentino,/wiki/Nicolas_de_Tolentino,
Nil de Stolbensk (page inexistante),/w/index.php?title=Nil_de_Stolbensk&action=edit&redlink=1,
Nimatullah Kassab Al-Hardini,/wiki/Nimatullah_Kassab_Al-Hardini,
Norbert de Xanten,/wiki/Norbert_de_Xanten,
Nathy d'Achonry (page inexistante),/w/index.php?title=Nathy_d%27Achonry&action=edit&redlink=1,
Nuno Álvares Pereira,/wiki/Nuno_%C3%81lvares_Pereira,
Océan (homonymie),/wiki/Oc%C3%A9an_(homonymie),
Odile de Hohenbourg,/wiki/Odile_de_Hohenbourg,
Odilon de Cluny,/wiki/Odilon_de_Cluny,
Odon de Novare,/wiki/Odon_de_Novare,
Odran d'Iona,/wiki/Odran_d%27Iona,
Olaf II de Norvège,/wiki/Olaf_II_de_Norv%C3%A8ge,
Olivier Plunket,/wiki/Olivier_Plunket,
Audomar,/wiki/Audomar,
Onésime (Ier siècle),/wiki/On%C3%A9sime_(Ier_si%C3%A8cle),
Onuphre l'Anachorète,/wiki/Onuphre_l%27Anachor%C3%A8te,
Sainte Opportune,/wiki/Sainte_Opportune,
Optat de Milève,/wiki/Optat_de_Mil%C3%A8ve,
Oranne d'Eschweiler,/wiki/Oranne_d%27Eschweiler,
Osmond de Sées,/wiki/Osmond_de_S%C3%A9es,
Ostian (page inexistante),/w/index.php?title=Ostian&action=edit&redlink=1,
Ouen de Rouen,/wiki/Ouen_de_Rouen,
Ours,#cite_note-16,
Ours de Soleure,/wiki/Ours_de_Soleure,
Ours d'Aoste,/wiki/Ours_d%27Aoste,
Ours d'Auxerre,/wiki/Ours_d%27Auxerre,
Ours de Fano (page inexistante),/w/index.php?title=Ours_de_Fano&action=edit&redlink=1,
Ours de Loches (page inexistante),/w/index.php?title=Ours_de_Loches&action=edit&redlink=1,
Ours de Ravenne,/wiki/Ours_de_Ravenne,
Ours de Toul,/wiki/Ours_de_Toul,
Ours de Troyes (page inexistante),/w/index.php?title=Ours_de_Troyes&action=edit&redlink=1,
Pacien de Barcelone,/wiki/Pacien_de_Barcelone,
Pablo de Granges (page inexistante),/w/index.php?title=Pablo_de_Granges&action=edit&redlink=1,
Pacôme le Grand,/wiki/Pac%C3%B4me_le_Grand,
Padre Pio,/wiki/Padre_Pio,
Pallais de Saintes,/wiki/Pallais_de_Saintes,
Pammaque,/wiki/Pammaque,
Pamphile de Césarée,/wiki/Pamphile_de_C%C3%A9sar%C3%A9e,
Pancrace de Rome,/wiki/Pancrace_de_Rome,
Pantaléon de Nicomédie,/wiki/Pantal%C3%A9on_de_Nicom%C3%A9die,
Pascal Baylon,/wiki/Pascal_Baylon,
Paschase Radbert,/wiki/Paschase_Radbert,
Pasquier de Nantes,/wiki/Pasquier_de_Nantes,
Just et Pasteur,/wiki/Just_et_Pasteur,
Patern de Vannes,/wiki/Patern_de_Vannes,
Paterne d'Avranches,/wiki/Paterne_d%27Avranches,
Patient de Lyon,/wiki/Patient_de_Lyon,
Patient de Metz,/wiki/Patient_de_Metz,
Patrick d'Irlande,/wiki/Patrick_d%27Irlande,
Aide:Référence nécessaire,/wiki/Aide:R%C3%A9f%C3%A9rence_n%C3%A9cessaire,
Paul VI,/wiki/Paul_VI,
Paul de Tarse,/wiki/Paul_de_Tarse,
Paul Miki,/wiki/Paul_Miki,
Paulin de Nole,/wiki/Paulin_de_Nole,
Sainte Pauline,/wiki/Sainte_Pauline,
Paul de la Croix,/wiki/Paul_de_la_Croix,
Pedro Poveda Castroverde,/wiki/Pedro_Poveda_Castroverde,
Pélagie de Tarse,/wiki/P%C3%A9lagie_de_Tarse,
Pérégrin Laziosi,/wiki/P%C3%A9r%C3%A9grin_Laziosi,
Perpet de Tours,/wiki/Perpet_de_Tours,
Sainte Pétronille,/wiki/Sainte_P%C3%A9tronille,
Philémon de Colosses,/wiki/Phil%C3%A9mon_de_Colosses,
Philibert de Tournus,/wiki/Philibert_de_Tournus,
Saint Philippe,/wiki/Saint_Philippe,
Philippe Benizi,/wiki/Philippe_Benizi,
Philippe Néri,/wiki/Philippe_N%C3%A9ri,
Pie V,/wiki/Pie_V,
Pie X,/wiki/Pie_X,
Pierre (apôtre),/wiki/Pierre_(ap%C3%B4tre),
Pierre Canisius,/wiki/Pierre_Canisius,
Pierre Chanel,/wiki/Pierre_Chanel,
Pierre Chrysologue,/wiki/Pierre_Chrysologue,
Pierre Claver,/wiki/Pierre_Claver,
Pierre Favre (jésuite),/wiki/Pierre_Favre_(j%C3%A9suite),
Pierre Fourier,/wiki/Pierre_Fourier,
Pier Giorgio Frassati,/wiki/Pier_Giorgio_Frassati,
Pierre-Julien Eymard,/wiki/Pierre-Julien_Eymard,
Pierre de Betancur,/wiki/Pierre_de_Betancur,
Pierre de Vérone,/wiki/Pierre_de_V%C3%A9rone,
Pierre Thomas (patriarche),/wiki/Pierre_Thomas_(patriarche),
Saint Placide,/wiki/Saint_Placide,
Pol de Léon,/wiki/Pol_de_L%C3%A9on,
Polycarpe de Smyrne,/wiki/Polycarpe_de_Smyrne,
Polychronius,/wiki/Polychronius,
Polyeucte de Mélitène,/wiki/Polyeucte_de_M%C3%A9lit%C3%A8ne,
Pothin de Lyon,/wiki/Pothin_de_Lyon,
Sainte Praxède,/wiki/Sainte_Prax%C3%A8de,
Prétextat de Rouen,/wiki/Pr%C3%A9textat_de_Rouen,
Priest de Clermont,/wiki/Priest_de_Clermont,
Prince de Soissons,/wiki/Prince_de_Soissons,
Privat de Mende,/wiki/Privat_de_Mende,
Procope de Sázava,/wiki/Procope_de_S%C3%A1zava,
Prosdocime de Padoue,/wiki/Prosdocime_de_Padoue,
Prosper Tiro,/wiki/Prosper_Tiro,
Saint Gervais et saint Protais,/wiki/Saint_Gervais_et_saint_Protais,
Pudentienne,/wiki/Pudentienne,
Saint Quentin,/wiki/Saint_Quentin,
Quirice (page inexistante),/w/index.php?title=Quirice&action=edit&redlink=1,
Quirille (page inexistante),/w/index.php?title=Quirille&action=edit&redlink=1,
Quirin de Neuss,/wiki/Quirin_de_Neuss,
Quirin de Rouen-Malmédy (page inexistante),/w/index.php?title=Quirin_de_Rouen-Malm%C3%A9dy&action=edit&redlink=1,
Sainte Quitterie,/wiki/Sainte_Quitterie,
Radegonde de Poitiers,/wiki/Radegonde_de_Poitiers,
Radegonde,,
Rafqa Pietra Choboq Ar-Rayès,/wiki/Rafqa_Pietra_Choboq_Ar-Ray%C3%A8s,
Ragnebert,/wiki/Ragnebert,
Rahy (page inexistante),/w/index.php?title=Rahy&action=edit&redlink=1,
Raphaël (archange),/wiki/Rapha%C3%ABl_(archange),
Raphaël Guízar Valencia,/wiki/Rapha%C3%ABl_Gu%C3%ADzar_Valencia,
Raphaelle Porras y Ayllon,/wiki/Raphaelle_Porras_y_Ayllon,
Raphaël Kalinowski,/wiki/Rapha%C3%ABl_Kalinowski,
Raymond Nonnat,/wiki/Raymond_Nonnat,
Regnobert de Bayeux,/wiki/Regnobert_de_Bayeux,
Remi de Reims,/wiki/Remi_de_Reims,
Sainte Reine,/wiki/Sainte_Reine,
Saint Remacle,/wiki/Saint_Remacle,
Renelde de Saintes,/wiki/Renelde_de_Saintes,
René Goupil,/wiki/Ren%C3%A9_Goupil,
Sainte Réparate,/wiki/Sainte_R%C3%A9parate,
Sainte Restitute,/wiki/Sainte_Restitute,
Richard Pampuri,/wiki/Richard_Pampuri,
Richard de Saint-Anne,/wiki/Richard_de_Saint-Anne,
Rictrude de Marchiennes,/wiki/Rictrude_de_Marchiennes,
Rita de Cascia,/wiki/Rita_de_Cascia,
Robert de Molesme,/wiki/Robert_de_Molesme,
Robert Bellarmin,/wiki/Robert_Bellarmin,
Robert de Molesme,/wiki/Robert_de_Molesme,
Robert de Newminster,/wiki/Robert_de_Newminster,
Roch de Montpellier,/wiki/Roch_de_Montpellier,
Donatien de Nantes,/wiki/Donatien_de_Nantes,
Sainte Rolende,/wiki/Sainte_Rolende,
Romain de Rouen,/wiki/Romain_de_Rouen,
Romuald de Ravenne,/wiki/Romuald_de_Ravenne,
Romaric (saint),/wiki/Romaric_(saint),
Romule de Gênes,/wiki/Romule_de_G%C3%AAnes,
Rosa Venerini,/wiki/Rosa_Venerini,
Rosalie de Palerme,/wiki/Rosalie_de_Palerme,
Philippine Duchesne,/wiki/Philippine_Duchesne,
Rose de Lima,/wiki/Rose_de_Lima,
Rose de Viterbe,/wiki/Rose_de_Viterbe,
Ruf de Metz,/wiki/Ruf_de_Metz,
Sabas le Sanctifié,/wiki/Sabas_le_Sanctifi%C3%A9,
Sabas de Kalymnos,/wiki/Sabas_de_Kalymnos,
Sabas de Pskov (page inexistante),/w/index.php?title=Sabas_de_Pskov&action=edit&redlink=1,
Sabas de Serbie (page inexistante),/w/index.php?title=Sabas_de_Serbie&action=edit&redlink=1,
Sabas de Zvenigorod (page inexistante),/w/index.php?title=Sabas_de_Zvenigorod&action=edit&redlink=1,
Sabas le Goth,/wiki/Sabas_le_Goth,
Sabin de Canosa,/wiki/Sabin_de_Canosa,
Sabin de Plaisance,/wiki/Sabin_de_Plaisance,
Sabin de Poitou (page inexistante),/w/index.php?title=Sabin_de_Poitou&action=edit&redlink=1,
Sabin de Spolète (page inexistante),/w/index.php?title=Sabin_de_Spol%C3%A8te&action=edit&redlink=1,
Sabine de Rome,/wiki/Sabine_de_Rome,
Salomon de Bretagne,/wiki/Salomon_de_Bretagne,
Salomon Leclercq,/wiki/Salomon_Leclercq,
Saturnin de Toulouse,/wiki/Saturnin_de_Toulouse,
Savinien de Sens,/wiki/Savinien_de_Sens,
Sainte Scolastique,/wiki/Sainte_Scolastique,
Sébastien (martyr),/wiki/S%C3%A9bastien_(martyr),
Second d'Asti,/wiki/Second_d%27Asti,
Ségolène de Troclar,/wiki/S%C3%A9gol%C3%A8ne_de_Troclar,
Sylve de Toulouse,/wiki/Sylve_de_Toulouse,
Saint Serf,/wiki/Saint_Serf,
Sever de Novempopulanie,/wiki/Sever_de_Novempopulanie,
Saint Séverin,/wiki/Saint_S%C3%A9verin,
Sidoine Apollinaire,/wiki/Sidoine_Apollinaire,
Sidoine de Jumièges,/wiki/Sidoine_de_Jumi%C3%A8ges,
Sigismond (saint),/wiki/Sigismond_(saint),
Silvère,/wiki/Silv%C3%A8re,
Silvestre,/wiki/Silvestre,
Similien de Nantes,/wiki/Similien_de_Nantes,
Siméon de Vaucé (page inexistante),/w/index.php?title=Sim%C3%A9on_de_Vauc%C3%A9&action=edit&redlink=1,
Simon le Zélote,/wiki/Simon_le_Z%C3%A9lote,
Simon Stock,/wiki/Simon_Stock,
Simon de Lipnica,/wiki/Simon_de_Lipnica,
Simone,,
Sinice de Reims,/wiki/Sinice_de_Reims,
Sixte Ier,/wiki/Sixte_Ier,
Sixte II,/wiki/Sixte_II,
Sixte de Reims,/wiki/Sixte_de_Reims,
Sophie de Thrace,/wiki/Sophie_de_Thrace,
Exupère de Toulouse,/wiki/Exup%C3%A8re_de_Toulouse,
Spyridon de Trimythonte,/wiki/Spyridon_de_Trimythonte,
Stanislas Papczyński,/wiki/Stanislas_Papczy%C5%84ski,
Stanislas de Szczepanów,/wiki/Stanislas_de_Szczepan%C3%B3w,
Stanislas Kostka,/wiki/Stanislas_Kostka,
Sulpice le Pieux,/wiki/Sulpice_le_Pieux,
Sulpice-Sévère,/wiki/Sulpice-S%C3%A9v%C3%A8re,
Sunniva de Selje,/wiki/Sunniva_de_Selje,
Sveva da Montefeltro,/wiki/Sveva_da_Montefeltro,
Sylvie de Rome,/wiki/Sylvie_de_Rome,
Sylvestre Ier,/wiki/Sylvestre_Ier,
Sylvestre Guzzolini,/wiki/Sylvestre_Guzzolini,
Symphorien d'Autun,/wiki/Symphorien_d%27Autun,
Tanguy de Locmazhé,/wiki/Tanguy_de_Locmazh%C3%A9,
Tarcisius de Rome,/wiki/Tarcisius_de_Rome,
Tatiana de Rome,/wiki/Tatiana_de_Rome,
Taurin d'Évreux,/wiki/Taurin_d%27%C3%89vreux,
Teresa de Calcutta,/wiki/Teresa_de_Calcutta,
Theau (page inexistante),/w/index.php?title=Theau&action=edit&redlink=1,
Théophile d'Antioche,/wiki/Th%C3%A9ophile_d%27Antioche,
Théophile de Corte,/wiki/Th%C3%A9ophile_de_Corte,
Théodore Studite,/wiki/Th%C3%A9odore_Studite,
Théodore Tiron,/wiki/Th%C3%A9odore_Tiron,
Thibaut de Provins,/wiki/Thibaut_de_Provins,
Thibaut de Marly,/wiki/Thibaut_de_Marly,
Thérèse d'Avila,/wiki/Th%C3%A9r%C3%A8se_d%27Avila,
Thérèse de Lisieux,/wiki/Th%C3%A9r%C3%A8se_de_Lisieux,
Thérèse des Andes,/wiki/Th%C3%A9r%C3%A8se_des_Andes,
Edith Stein,/wiki/Edith_Stein,
Thérèse Couderc,/wiki/Th%C3%A9r%C3%A8se_Couderc,
Anna Maria Redi,/wiki/Anna_Maria_Redi,
Marie-Thérèse de Portugal (1793-1874),/wiki/Marie-Th%C3%A9r%C3%A8se_de_Portugal_(1793-1874),
Thérèse de Jésus Ibars (page inexistante),/w/index.php?title=Th%C3%A9r%C3%A8se_de_J%C3%A9sus_Ibars&action=edit&redlink=1,
Thérèse de la Trinité (page inexistante),/w/index.php?title=Th%C3%A9r%C3%A8se_de_la_Trinit%C3%A9&action=edit&redlink=1,
Thierry du Mont d'Or,/wiki/Thierry_du_Mont_d%27Or,
Thomas (apôtre),/wiki/Thomas_(ap%C3%B4tre),
Thomas d'Aquin,/wiki/Thomas_d%27Aquin,
Thomas Becket,/wiki/Thomas_Becket,
Thomas More,/wiki/Thomas_More,
Thomas de Villeneuve,/wiki/Thomas_de_Villeneuve,
Thomas de Tibériopolis (page inexistante),/w/index.php?title=Thomas_de_Tib%C3%A9riopolis&action=edit&redlink=1,
Thomas Ier de Constantinople,/wiki/Thomas_Ier_de_Constantinople,
Thomas II de Constantinople,/wiki/Thomas_II_de_Constantinople,
Thomas de Cori,/wiki/Thomas_de_Cori,
Thomas Defourkinos (page inexistante),/w/index.php?title=Thomas_Defourkinos&action=edit&redlink=1,
Thomas de Maléon (page inexistante),/w/index.php?title=Thomas_de_Mal%C3%A9on&action=edit&redlink=1,
Timothée d'Éphèse,/wiki/Timoth%C3%A9e_d%27%C3%89ph%C3%A8se,
Trivier de Thérouanne,/wiki/Trivier_de_Th%C3%A9rouanne,
Tropez de Pise,/wiki/Tropez_de_Pise,
Trudpert,/wiki/Trudpert,
Tugdual de Tréguier,/wiki/Tugdual_de_Tr%C3%A9guier,
Sainte Ulphe,/wiki/Sainte_Ulphe,
Ulrich d'Augsbourg,/wiki/Ulrich_d%27Augsbourg,
Urbain Ier,/wiki/Urbain_Ier,
Ursin de Bourges,/wiki/Ursin_de_Bourges,
Ursmer de Lobbes,/wiki/Ursmer_de_Lobbes,
Ursule de Cologne,/wiki/Ursule_de_Cologne,
Ursule Ledóchowska,/wiki/Ursule_Led%C3%B3chowska,
Vaast d'Arras,/wiki/Vaast_d%27Arras,
Valbert de Luxeuil,/wiki/Valbert_de_Luxeuil,
Valentin de Rome,/wiki/Valentin_de_Rome,
Césarée de Palestine,/wiki/C%C3%A9sar%C3%A9e_de_Palestine,
Valérie de Limoges,/wiki/Val%C3%A9rie_de_Limoges,
Valerii,/wiki/Valerii,
Venceslas Ier de Bohême (duc),/wiki/Venceslas_Ier_de_Boh%C3%AAme_(duc),
Vérène de Zurzach,/wiki/V%C3%A9r%C3%A8ne_de_Zurzach,
Véronique (christianisme),/wiki/V%C3%A9ronique_(christianisme),
Véronique Giuliani,/wiki/V%C3%A9ronique_Giuliani,
Victeur (évêque),/wiki/Victeur_(%C3%A9v%C3%AAque),
Victor de Marseille,/wiki/Victor_de_Marseille,
Victor de Plaisance,/wiki/Victor_de_Plaisance,
Victrice de Rouen,/wiki/Victrice_de_Rouen,
Vigile d'Auxerre,/wiki/Vigile_d%27Auxerre,
Vigor de Bayeux,/wiki/Vigor_de_Bayeux,
Vincent de Paul,/wiki/Vincent_de_Paul,
Vincent de Xaintes,/wiki/Vincent_de_Xaintes,
Vincent Ferrier,/wiki/Vincent_Ferrier,
Vincent Kadlubek,/wiki/Vincent_Kadlubek,
Vincent Pallotti,/wiki/Vincent_Pallotti,
Vincent d'Embrun (page inexistante),/w/index.php?title=Vincent_d%27Embrun&action=edit&redlink=1,
Madelgarius de Famars de Hainaut,/wiki/Madelgarius_de_Famars_de_Hainaut,
Vincent-Marie Strambi,/wiki/Vincent-Marie_Strambi,
Vincent de Saragosse,/wiki/Vincent_de_Saragosse,
Vincenzo Grossi,/wiki/Vincenzo_Grossi,
Virgile de Salzbourg,/wiki/Virgile_de_Salzbourg,
Virginie Centurione Bracelli,/wiki/Virginie_Centurione_Bracelli,
Vivienne,/wiki/Vivienne,
Vital de Bologne,/wiki/Vital_de_Bologne,
Vital de Gaza,/wiki/Vital_de_Gaza,
Vital de Ravenne,/wiki/Vital_de_Ravenne,
Vital de Saint-Viaud,/wiki/Vital_de_Saint-Viaud,
Vital de Salzbourg,/wiki/Vital_de_Salzbourg,
Vladimir Ier,/wiki/Vladimir_Ier,
Vorles de Marcenay,/wiki/Vorles_de_Marcenay,
Saint Vulbas,/wiki/Saint_Vulbas,
Saint Vulfric,/wiki/Saint_Vulfric,
Walbert,/wiki/Walbert,
Wilfried,,
Waneng de Fécamp,/wiki/Waneng_de_F%C3%A9camp,
Saint Wandrille,/wiki/Saint_Wandrille,
Waudru de Mons,/wiki/Waudru_de_Mons,
Venceslas Ier de Bohême (duc),/wiki/Venceslas_Ier_de_Boh%C3%AAme_(duc),
Wilgeforte,/wiki/Wilgeforte,
Wivine de Grand-Bigard,/wiki/Wivine_de_Grand-Bigard,
Wolfgang de Ratisbonne,/wiki/Wolfgang_de_Ratisbonne,
Wulfram de Sens,/wiki/Wulfram_de_Sens,
Wulphy,/wiki/Wulphy,
François Xavier,/wiki/Fran%C3%A7ois_Xavier,
Xénophon et Marie,/wiki/X%C3%A9nophon_et_Marie,
Sixte Ier,/wiki/Sixte_Ier,
Yolande de Vianden,/wiki/Yolande_de_Vianden,
Arède d'Atane,/wiki/Ar%C3%A8de_d%27Atane,
Yves Hélory de Kermartin,/wiki/Yves_H%C3%A9lory_de_Kermartin,
Zacharie (pape),/wiki/Zacharie_(pape),
Zdislava de Lemberk,/wiki/Zdislava_de_Lemberk,
Louis et Zélie Martin,/wiki/Louis_et_Z%C3%A9lie_Martin,
Zénaïde,/wiki/Z%C3%A9na%C3%AFde,
Zénobe de Florence,/wiki/Z%C3%A9nobe_de_Florence,
Zénon (tribun),/wiki/Z%C3%A9non_(tribun),
Zénon de Vérone,/wiki/Z%C3%A9non_de_V%C3%A9rone,
Zita de Lucques,/wiki/Zita_de_Lucques,
Zoé de Rome,/wiki/Zo%C3%A9_de_Rome,
Zotique de Rome,/wiki/Zotique_de_Rome,
Anthropologie religieuse,/wiki/Anthropologie_religieuse,
Béatification,/wiki/B%C3%A9atification,
Canonisation,/wiki/Canonisation,
Calendrier romain général,/wiki/Calendrier_romain_g%C3%A9n%C3%A9ral,
Calendrier romain général 1960,/wiki/Calendrier_romain_g%C3%A9n%C3%A9ral_1960,
Confesseur de la foi,/wiki/Confesseur_de_la_foi,
Liste de saints,/wiki/Liste_de_saints,
Liste des saints du XXe siècle,/wiki/Liste_des_saints_du_XXe_si%C3%A8cle,
Liste des saints du XIXe siècle,/wiki/Liste_des_saints_du_XIXe_si%C3%A8cle,
Familles de saints,/wiki/Familles_de_saints,
Liste des saints bretons,/wiki/Liste_des_saints_bretons,
Liste des saints du Carmel,/wiki/Liste_des_saints_du_Carmel,
Listes des saints issus des familles princières,/wiki/Listes_des_saints_issus_des_familles_princi%C3%A8res,
Liste des saints de l'Église orthodoxe,/wiki/Liste_des_saints_de_l%27%C3%89glise_orthodoxe,
Liste de saints patrons,/wiki/Liste_de_saints_patrons,
Martyrs de Gorcum,/wiki/Martyrs_de_Gorcum,
Martyr,/wiki/Martyr,
Mégalomartyr,/wiki/M%C3%A9galomartyr,
Odeur de sainteté,/wiki/Odeur_de_saintet%C3%A9,
Sanctoral celte (page inexistante),/w/index.php?title=Sanctoral_celte&action=edit&redlink=1,
Santeria,/wiki/Santeria,
Vénérable (catholicisme),/wiki/V%C3%A9n%C3%A9rable_(catholicisme),
